-- ============================================================
-- Migration 007: Data Migration
-- Generated by /tmp/generate_migration.py
--
-- This file imports historical license data from the Akuru Type
-- Sales 2026.xlsx workbook, including records from all contributor
-- statement sheets, supplemental Akuru Sales records, and the
-- 2025 Local Council Election Cases.
--
-- Tables populated:
--   buyers     — unique buyer/contact registry
--   licenses   — individual font license records
--   cases      — election campaign cases
--
-- NOTE: license_number, gst_amount, akuru_share, contributor_share
--       are auto-calculated by DB triggers — not included here.
-- ============================================================

-- ============================================================
-- SKIPPED RECORDS (duplicates / unmapped fonts / empty names)
-- ============================================================
-- Akuru Sales row 13: duplicate (Mohamed Areen/22222222-0000-0000-0000-000000000002/4050.0), skipped
-- Akuru Sales row 15: duplicate (Chopart - Fine/22222222-0000-0000-0000-000000000002/21600.0), skipped
-- Akuru Sales row 19: duplicate (MIRA Procurement/22222222-0000-0000-0000-000000000002/4050.0), skipped
-- Akuru Sales row 22: duplicate (Ibrahim ashwaag/22222222-0000-0000-0000-000000000002/4050.0), skipped
-- Akuru Sales row 25: duplicate (Mohamed Amil/22222222-0000-0000-0000-000000000002/4050.0), skipped
-- Akuru Sales row 26: duplicate (President Office/22222222-0000-0000-0000-000000000002/4050.0), skipped
-- Akuru Sales row 27: duplicate (President's Office - Fine/22222222-0000-0000-0000-000000000002/21600.0), skipped
-- Akuru Sales row 28: duplicate (Ahmed Shamih Moosa/22222222-0000-0000-0000-000000000002/4050.0), skipped
-- Akuru Sales row 32: duplicate (Aminath Shaha/22222222-0000-0000-0000-000000000002/4050.0), skipped
-- Akuru Sales row 41: duplicate (Mohamed Shariu Shameem/22222222-0000-0000-0000-000000000002/4050.0), skipped
-- Akuru Sales row 58: duplicate (Fathimath Noorath/22222222-0000-0000-0000-000000000003/1500.0), skipped
-- Akuru Sales row 60: duplicate (MU Store/22222222-0000-0000-0000-000000000004/1500.0), skipped
-- Akuru Sales row 61: duplicate (Mohamed Nasir/22222222-0000-0000-0000-000000000003/1500.0), skipped
-- Akuru Sales row 62: duplicate (Yaish Mohamed/22222222-0000-0000-0000-000000000003/1500.0), skipped
-- Akuru Sales row 66: duplicate (Aisath Sumeyha/22222222-0000-0000-0000-000000000003/1500.0), skipped
-- Akuru Sales row 67: duplicate (Mohamed Rasheed/22222222-0000-0000-0000-000000000003/1500.0), skipped
-- Akuru Sales row 68: duplicate (Mohamed latheef/22222222-0000-0000-0000-000000000006/1350.0), skipped
-- Akuru Sales row 70: duplicate (Mohamed imrah/22222222-0000-0000-0000-000000000004/1500.0), skipped
-- Akuru Sales row 71: duplicate (Ahmed Areesh Ali/22222222-0000-0000-0000-000000000002/4050.0), skipped
-- Akuru Sales row 72: duplicate (Ahmed Areesh Ali/22222222-0000-0000-0000-000000000004/1500.0), skipped
-- Akuru Sales row 74: duplicate (Maajidha Abdul Kareem/22222222-0000-0000-0000-000000000002/4050.0), skipped
-- Akuru Sales row 76: duplicate (Fathimath Thooba/22222222-0000-0000-0000-000000000003/1500.0), skipped
-- Akuru Sales row 77: duplicate (Adhuham Rasheed/22222222-0000-0000-0000-000000000002/4050.0), skipped
-- Akuru Sales row 79: duplicate (Thireehaa Institute/22222222-0000-0000-0000-000000000003/1500.0), skipped
-- Akuru Sales row 80: duplicate (Abdulla Afeef/22222222-0000-0000-0000-000000000002/4050.0), skipped
-- Akuru Sales row 82: duplicate (Ali mohamed/22222222-0000-0000-0000-000000000002/4050.0), skipped
-- Akuru Sales row 83: duplicate (Ismail Saeed/22222222-0000-0000-0000-000000000002/4050.0), skipped
-- Akuru Sales row 84: duplicate (Musannif Mohamed/22222222-0000-0000-0000-000000000002/4050.0), skipped
-- Akuru Sales row 85: duplicate (Javidh Mohamed/22222222-0000-0000-0000-000000000003/1500.0), skipped
-- Akuru Sales row 86: duplicate (Mohamed Suhail/22222222-0000-0000-0000-000000000004/1500.0), skipped
-- Akuru Sales row 90: duplicate (Hassan Iyaas/22222222-0000-0000-0000-000000000002/4050.0), skipped
-- Akuru Sales row 96: duplicate (Ali Saifulla/22222222-0000-0000-0000-000000000002/4050.0), skipped
-- Akuru Sales row 97: duplicate (ILYAS FATHY/22222222-0000-0000-0000-000000000003/1500.0), skipped
-- Akuru Sales row 99: duplicate (Ahmed Aiman Mohamed/22222222-0000-0000-0000-000000000005/1350.0), skipped
-- Akuru Sales row 101: duplicate (Ministry of Social & Family Development/22222222-0000-0000-0000-000000000001/3000.0), skipped
-- Akuru Sales row 102: duplicate (Shaamin Hussain/22222222-0000-0000-0000-000000000003/1500.0), skipped
-- Akuru Sales row 103: duplicate (Shaamin Hussain/22222222-0000-0000-0000-000000000004/1500.0), skipped
-- Akuru Sales row 104: duplicate (Hussain Nazim/22222222-0000-0000-0000-000000000001/3000.0), skipped
-- Akuru Sales row 105: duplicate (Hussain Nazim/22222222-0000-0000-0000-000000000002/4050.0), skipped
-- Akuru Sales row 107: duplicate (Maldives Police Service/22222222-0000-0000-0000-000000000001/3000.0), skipped
-- Akuru Sales row 108: duplicate (Ministry of Agriculture and Animal Welfare/22222222-0000-0000-0000-000000000002/4050.0), skipped
-- Akuru Sales row 109: duplicate (Ministry of Agriculture and Animal Welfare/22222222-0000-0000-0000-000000000004/1500.0), skipped
-- Akuru Sales row 110: duplicate (Ministry of Agriculture and Animal Welfare/22222222-0000-0000-0000-000000000003/1500.0), skipped
-- Akuru Sales row 111: duplicate (Ahmed Nishaath/22222222-0000-0000-0000-000000000002/4050.0), skipped
-- Akuru Sales row 112: duplicate (Mariyam Eesha Maniu/22222222-0000-0000-0000-000000000003/1500.0), skipped
-- Akuru Sales row 113: duplicate (Hussain Naeem Ahmed/22222222-0000-0000-0000-000000000002/4050.0), skipped
-- Akuru Sales row 114: duplicate (Abdulla Humaid/22222222-0000-0000-0000-000000000001/3000.0), skipped
-- Akuru Sales row 115: duplicate (Hussain Shaffan/22222222-0000-0000-0000-000000000004/1500.0), skipped
-- Akuru Sales row 116: duplicate (SUN FRONT PVT LTD/22222222-0000-0000-0000-000000000002/4050.0), skipped
-- Akuru Sales row 120: duplicate (Nafeel Mohamed/22222222-0000-0000-0000-000000000001/3000.0), skipped
-- Akuru Sales row 121: duplicate (Mariyam Eesha Maniu/22222222-0000-0000-0000-000000000001/3000.0), skipped
-- Akuru Sales row 123: duplicate (Hussain Varish/22222222-0000-0000-0000-000000000001/3000.0), skipped
-- Akuru Sales row 124: duplicate (Ali Naseer/22222222-0000-0000-0000-000000000002/4050.0), skipped
-- Akuru Sales row 130: duplicate (Ali maseeh/22222222-0000-0000-0000-000000000003/1500.0), skipped
-- Akuru Sales row 132: duplicate (Shuaib Ali/22222222-0000-0000-0000-000000000004/1500.0), skipped
-- Akuru Sales row 133: duplicate (Sun Siyam Media/22222222-0000-0000-0000-000000000002/4050.0), skipped
-- Akuru Sales row 134: duplicate (Sun Siyam Media/22222222-0000-0000-0000-000000000003/1500.0), skipped
-- Akuru Sales row 135: duplicate (Addu City Council/22222222-0000-0000-0000-000000000001/3000.0), skipped
-- Akuru Sales row 136: duplicate (Addu City Council/22222222-0000-0000-0000-000000000002/4050.0), skipped
-- Akuru Sales row 138: duplicate (Nusrath Rasheed/22222222-0000-0000-0000-000000000002/4050.0), skipped
-- Akuru Sales row 139: duplicate (Mohamed Rasheed/22222222-0000-0000-0000-000000000008/1280.0), skipped
-- Akuru Sales row 141: duplicate (Fahi Dhiriulhun Corporation Limited (FDC)/22222222-0000-0000-0000-000000000003/1500.0), skipped
-- Akuru Sales row 142: duplicate (Fahi Dhiriulhun Corporation Limited (FDC)/22222222-0000-0000-0000-000000000001/3000.0), skipped
-- Akuru Sales row 144: duplicate (The Oud Shop/22222222-0000-0000-0000-000000000001/3000.0), skipped
-- Akuru Sales row 145: duplicate (Mohamed Salif Naseer/22222222-0000-0000-0000-000000000005/1350.0), skipped
-- Akuru Sales row 146: duplicate (Ali Shakeel/22222222-0000-0000-0000-000000000006/1350.0), skipped
-- Akuru Sales row 147: duplicate (Abdulla Thalaal Zubair/22222222-0000-0000-0000-000000000009/2700.0), skipped
-- Akuru Sales row 148: duplicate (Hawwa Sana/22222222-0000-0000-0000-000000000003/1500.0), skipped
-- Akuru Sales row 149: duplicate (Mohamed Shaiman Adam Saleem/22222222-0000-0000-0000-000000000001/3000.0), skipped
-- Akuru Sales row 150: duplicate (Ali Fawaz/22222222-0000-0000-0000-000000000001/3000.0), skipped

BEGIN;

-- ============================================================
-- BUYERS
-- ============================================================
INSERT INTO buyers (id, name, buyer_type, notes) VALUES
  ('59399830-364c-4273-9d76-75ba51f2d1c6', 'Mohamed Areen', 'individual', NULL),
  ('92ca5443-30b6-4a65-b315-9cffcf6d4fa8', 'Chopart - Fine', 'individual', NULL),
  ('d651426f-e4bf-4412-bf58-2e6d84156293', 'MIRA Procurement', 'individual', NULL),
  ('59aaef65-c453-423d-bcac-b471226f3e09', 'Mohamed Hazeel (Litus Group)', 'individual', NULL),
  ('6eca225c-8db8-4c0f-b1f0-c27250f51372', 'Ibrahim Ashwaag', 'individual', NULL),
  ('a81b4d3d-b2c2-4546-abd8-c38549aebdc4', 'Mohamed Amil', 'individual', NULL),
  ('3b12296b-40d7-4510-9a78-ef0df9c90aea', 'President Office', 'individual', NULL),
  ('822fbe4c-5e18-4ccf-bd3e-13a901c225c4', 'President''s Office - Fine', 'individual', NULL),
  ('0594fc28-26d3-442c-8216-58146c4ce56a', 'Ahmed Shamih Moosa', 'individual', NULL),
  ('da2e3dcf-4e96-4399-9000-4f60a27629cb', 'Aminath Shaha', 'individual', NULL),
  ('704bd51f-fc13-412e-9ca5-688da2eb3c0b', 'Mohamed Shariu Shameem', 'individual', NULL),
  ('c92fe772-3cb1-45e4-ba6f-1074250fdd7f', 'Ahmed Areesh Ali', 'individual', NULL),
  ('7ce712ba-3ecc-43c6-b64a-4f2e47391ca5', 'Maajidha Abdul Kareem', 'individual', NULL),
  ('b88f89c1-c414-4a6c-93b4-aca9d76eba49', 'Adhuham Rasheed', 'individual', NULL),
  ('333e76a0-718e-43f3-8a20-7e83c58e39f7', 'Abdulla Afeef', 'individual', NULL),
  ('47a3cb21-6b03-4a84-9d1b-97d1b100519f', 'Ali mohamed', 'individual', NULL),
  ('e72c7d8f-c8ce-4f70-81ff-6d545478964b', 'Ismail Saeed', 'individual', NULL),
  ('6435b642-188f-4ddd-9b93-bd7e6e19b9cc', 'Musannif Mohamed', 'individual', NULL),
  ('94c226fe-bbc1-446a-a89c-2dcb3ad6365c', 'HASSAN IYAAS', 'individual', NULL),
  ('755c12d6-def2-40cb-9489-1bbc3b2aa677', 'SHAVIYANI HOLDINGS PRIVATE LIMITED', 'individual', NULL),
  ('03eecd44-b5bd-4b10-b9d0-5c17c248e0ee', 'ALI SAIFULLA', 'individual', NULL),
  ('5e7f8677-bb21-485b-aea9-5d0afe728c09', 'HUSSAIN NAZIM', 'individual', NULL),
  ('617cc21b-5a7a-4001-b592-62bb2a6ba3f5', 'AHMED LILAL', 'individual', NULL),
  ('feed7642-981e-488c-8336-b023ba72bbaa', 'AHMED NISHAATH', 'individual', NULL),
  ('28e49249-0106-4473-900a-66bed4720643', 'HUSSAIN NAEEM AHMED', 'individual', NULL),
  ('04c8f369-98c4-4d97-a9b2-29b431d5c662', 'SUN FRONT PVT LTD', 'individual', NULL),
  ('60fbae33-ce75-4e0b-a084-5ef3dc47b085', 'SUN FRONT PVT LTD*', 'individual', NULL),
  ('793e56d1-9d91-472f-8ea8-fcafad8012c3', 'ALI NASEER', 'individual', NULL),
  ('ebd90a66-f1ba-4c58-ab02-4eac533c6ea5', 'MUAZ HALEEM - PNC', 'individual', NULL),
  ('bf3cf706-65a7-4f67-b53f-b267c28b166b', 'MIB - Husn.Shafeeu', 'individual', NULL),
  ('22090d64-9e8c-4e2a-8a22-9befe2722587', 'Ministry of Agriculture and Animal Welfare', 'individual', NULL),
  ('0d6fed82-b77d-4e3f-988d-79cb6bc5cdf8', 'NUSRATH RASHEED', 'individual', NULL),
  ('55a5cda7-a3db-4b82-a2b2-e63f15057fb1', 'ADDU CITY COUNCIL', 'individual', NULL),
  ('5561f42c-c541-4e58-8231-fbbf6b280eb2', 'SUN SIYAM MEDIA', 'individual', NULL),
  ('96a0fed7-31ee-4016-81e1-78a5c385981d', 'MDP Secretariat', 'individual', NULL),
  ('fae58858-9d1a-4394-9035-cce2a9a9f247', 'Total Sales', 'individual', NULL),
  ('dce7ff13-c239-4626-8ba6-9e335e241afc', 'AISHATH SAJUHAA NIYAZ', 'individual', NULL),
  ('ddf28d13-817a-4fb7-b3c2-2879d4cd0a55', 'UMAIRA AHMED SAEED', 'individual', NULL),
  ('c36db88c-48fd-4fbd-b670-df0f22988073', 'MALDIVES FINANCE AND LEASING', 'individual', NULL),
  ('ee16c84f-42e4-4b5f-8fa6-28875774205f', 'Ministry of Social & Family Development', 'individual', NULL),
  ('fa0cb126-b74e-41eb-89a6-320f03ec68ab', 'MOHAMED MAANIU MURUTHALA (Nihaadh)', 'individual', NULL),
  ('4daab38e-ffb2-4ea7-a2aa-75ae8280567c', 'DHIVEHI INSURANCE COMPANY PRIVATE', 'individual', NULL),
  ('a0b07aa7-af1e-4783-9dfd-fcae7ad51b7c', 'Maldives Police Service', 'individual', NULL),
  ('95f36ffa-c412-4f3f-b443-bb0dc156de0c', 'Abdulla Humaid', 'individual', NULL),
  ('df10bd1f-c6b7-41f9-86d3-63ff9926dbf3', 'AHMED SALEEM (Gaafaru Future Academy)', 'individual', NULL),
  ('1eccb94d-d49a-4460-aef1-6b25ce381a56', 'NAFEEL MOHAMED', 'individual', NULL),
  ('9af5bcaf-36bd-4b60-a388-e4df965dc3e4', 'MARIYAM EESHA MANIU', 'individual', NULL),
  ('a739e3c0-dbef-4081-9e91-d345db698356', 'ISMAIL RAFEEQ (MDP FVM)', 'individual', NULL),
  ('68da134a-5e58-49ab-a6f1-04333814a31f', 'HUSSAIN VARISH', 'individual', NULL),
  ('81b131a4-5582-4e83-bec3-79233a6148e4', 'MUAZ HALEEM (PNC)', 'individual', NULL),
  ('97488df3-b765-473c-9da8-5c2a5d5f3f27', 'LITUS AUTOMOBILES PRIVATE LIMITED', 'individual', NULL),
  ('bbd0cdf4-d5d9-48ff-a344-07ad9b0e203c', 'Fahi Dhiriulhun Corporation Limited (FDC)', 'individual', NULL),
  ('c63670fc-fe18-4993-ad4f-a7ea9318e75a', 'The Oud Shop', 'individual', NULL),
  ('4a73d5b2-88d0-4a92-be4e-0ee926cf2480', 'Mohamed Shaiman Adam Saleem', 'individual', NULL),
  ('327927a7-511c-44c8-9ed9-e5f1275d55bf', 'Ali Fawaz', 'individual', NULL),
  ('607a64fe-5eb8-4d9c-88d9-da6861ea01c1', 'Hoandedhdhoo Council (Payment not in)', 'individual', NULL),
  ('e1103b51-9982-4e21-a060-044f41ba0c92', 'Fathimath Noorath', 'individual', NULL),
  ('877a70d7-a7d6-46d9-a37b-280d973e189f', 'MU Store', 'individual', NULL),
  ('3b518931-a104-427c-87e1-63f744a4a032', 'Mohamed Nasir', 'individual', NULL),
  ('020fc37a-b5a4-464b-b425-33151564ecb9', 'Yaish Mohamed', 'individual', NULL),
  ('4cc02615-7ce1-4c6d-bf0c-cf4821b7ac13', 'Aisath Sumeyha', 'individual', NULL),
  ('c997e2c1-a805-4b8e-85f3-04f0bdc066c2', 'Mohamed Rasheed', 'individual', NULL),
  ('69186fa8-af85-4f49-88e1-89883c29167d', 'Mohamed imrah', 'individual', NULL),
  ('48ed4190-0c5f-4cce-8dcd-fed769a63eb1', 'Fathimath Thooba', 'individual', NULL),
  ('e5820d15-6be8-45c5-a58a-c278e5fb11c7', 'Thireehaa Institute', 'individual', NULL),
  ('4bf5bcd6-65d7-4235-96b3-7bc9961be3f7', 'Javidh Mohamed', 'individual', NULL),
  ('2ca4b1f5-76c1-44dd-bc11-dc5f9ae384be', 'Mohamed Suhail', 'individual', NULL),
  ('b2a33bad-62a7-4c07-a93e-69a961c1c1ad', 'MIB - VAZE PVT LTD (Hassan Sham)', 'individual', NULL),
  ('0c1abe64-092a-43c2-be63-8bb52aa96edd', 'GOLDEN HAWK ENTERPRISES PVT LTD (Kothalhu Factory)', 'individual', NULL),
  ('0e7515b4-84e5-45c7-a975-e33e46be0869', 'ILYAS FATHY', 'individual', NULL),
  ('60919bfe-2820-42f4-9d9c-3c27e82423bd', 'AMINATH ASEELA SHAREEF', 'individual', NULL),
  ('f7b74cb4-1de3-4c2e-bdbf-9db63c6d9395', 'SHAAMIN HUSSAIN', 'individual', NULL),
  ('7f4a3632-1ca5-4b5c-9c6f-81b4a389dc6b', 'HUSSAIN SHAFFAN', 'individual', NULL),
  ('2caffc4f-09ee-4e78-a52c-3527c7058115', 'IBRAHIM ISMAIL FULHU', 'individual', NULL),
  ('2492738f-8159-44fc-92c2-2d83d1ef4e37', 'MUAZ HALEEM', 'individual', NULL),
  ('21caca82-8cda-42c7-993e-708f3a0ea826', 'ALI MASEEH', 'individual', NULL),
  ('30a3d795-3ba8-4007-b9db-2aa86541f3b9', 'SHUAIB ALI', 'individual', NULL),
  ('4bad8528-a2af-4091-9569-625f7a7f13d6', 'AHMED SHARWAAN', 'individual', NULL),
  ('cf88691b-de88-4343-9509-43bbb5a2cfd0', 'Lujianullah Zuhair', 'individual', NULL),
  ('a9d5537f-3c77-4109-aa1b-27655d50986d', 'Hawwa Sana', 'individual', NULL),
  ('705f7f9a-494e-4e67-b4dd-df749e9fa301', 'Mohamed Alaau Adam', 'individual', NULL),
  ('93bcfe03-1903-4707-b8d2-ffb2f4c33f48', 'Ali Fawaaz', 'individual', NULL),
  ('798782d5-bfff-40c4-975b-0e3f3fa0ae9f', 'AHMED AIMAN MOHAMED', 'individual', NULL),
  ('8efe109c-aaf2-491f-a420-fcf9bf2c6e45', 'Mohamed Latheef', 'individual', NULL),
  ('417f0a60-f27b-48e4-b992-788b82dbc9b6', 'NOVA ASSOCIATES PRIVATE LIMITED', 'individual', NULL),
  ('7f7dd968-52f2-488b-930e-692e44ed1c0a', 'Mohamed Salif Naseer', 'individual', NULL),
  ('63cd01ec-4ed8-431d-9ad7-9963734c44aa', 'Ali Shakeel', 'individual', NULL),
  ('04f341b3-2367-414a-9a72-a6f267900c0d', 'Abdulla Thalaal Zubair', 'individual', NULL),
  ('bec27ce3-6746-4d87-afd8-bb6252b0478d', 'Aminath Aseela', 'individual', NULL),
  ('ab019af0-4d60-4bb1-b135-af54a327b4df', 'Ibrahim Akshar khaleel', 'individual', NULL),
  ('648c28ef-84c4-4936-88d0-d714f97284df', 'Rifath Ali', 'individual', NULL),
  ('c1cbd6e2-7dee-4625-92f6-9cfb1dcd2086', 'Ismail Hathim', 'individual', NULL),
  ('47ea717a-df63-45d6-bc34-4ab485e6073e', 'Ahmed Amil', 'individual', NULL),
  ('acb9baad-79d9-4483-89e2-e92adeb98db4', 'Masood Abdulla', 'individual', NULL),
  ('da9e84dd-0bf2-4f81-a3b5-8f098da3285c', 'Ibrahim zimam', 'individual', NULL),
  ('d93ab1f8-f12d-4e61-9246-bbd35c22351d', 'Rilwan Shareef', 'individual', NULL),
  ('d36f2307-8c40-49fc-8731-62af69c2c0a4', 'Ryash', 'individual', NULL),
  ('d945eeb3-3b03-4d5e-ae4a-83f16274d14d', 'Shifxan Ahmed', 'individual', NULL),
  ('e024b6fa-d182-4cfa-8a39-96419a559b30', 'hussain iyadh', 'individual', NULL),
  ('f8cfe53d-62c2-4b7b-9723-4f59e5e7873c', 'Ali Sinan', 'individual', NULL),
  ('7b6bdce2-7c3e-4efd-8ca8-7177feff0316', 'Mohamed Azim Ali', 'individual', NULL),
  ('3582cf03-f40b-4d39-a1d1-174dccf652c6', 'Ali Shinan', 'individual', NULL),
  ('3bdc4150-b746-4903-8234-8bb76c6d4472', 'Hussain Ali', 'individual', NULL),
  ('057f73b7-1003-4258-809a-7119f5fa9fdc', 'Mohamed Hazeel', 'individual', NULL),
  ('a5b60fe8-054c-4288-8c78-573310f7c8d0', 'Mohamed Amil Ali', 'individual', NULL),
  ('0fc0d308-64cb-47d5-be29-65ec31e9bf17', 'Abdulla Nashaath', 'individual', NULL),
  ('d7fefed5-cb5a-4a3d-bb01-4969a858ede3', 'Ifaad Waheed', 'individual', NULL),
  ('b1bd2802-daa6-4461-b7b3-1f303556687b', 'Fathimath Nahula', 'individual', NULL),
  ('3e1bc2b9-7009-4030-bee8-1a5defbcc5ce', 'Areen Ahmed', 'individual', NULL),
  ('3f69c131-6da5-446d-b528-0cf46a636379', 'President''s Office', 'individual', NULL),
  ('071198e6-ca05-4394-b182-777deb1b0e88', 'Mohamed Shafraz', 'individual', NULL),
  ('f1a27b75-d948-48d3-bd50-1988caa0e5e2', 'Beast Sports', 'individual', NULL),
  ('69e0fff3-2663-4fcb-902d-814210b9b486', 'ALI UWAIS', 'individual', NULL),
  ('9b0d1f79-dbdd-43ce-856f-fc6c269df7f0', 'High Court of Maldives', 'individual', NULL),
  ('1cd5d92d-babd-411d-906e-f29c76e9f209', 'Naifaru Council', 'individual', NULL),
  ('84d4d119-45f2-4ed5-a6a7-0aa8349abddb', 'Interstellar Pvt Ltd', 'individual', NULL),
  ('37f7fc61-2b3a-481e-ae32-a0326a5cd43b', 'Landhoo Council', 'individual', NULL),
  ('eb45f9c0-01a5-4012-94ac-40da95b2fa8c', 'Secretariat of the Velidhoo Council', 'individual', NULL),
  ('ee9653cc-6b4a-4472-a30f-ad841a3f58e9', 'Aaiz Abdulla Faiz', 'individual', NULL),
  ('bd00e395-6da9-4c3f-8116-d72180879c28', 'Habeys Boduberu', 'individual', NULL),
  ('3b1a5ae9-f1f6-4026-a761-68d19acc833b', 'Chappala Studio', 'individual', NULL),
  ('63f4e620-8e82-4bd3-bd19-79d365ed2c5b', 'Ahmed Saneeh', 'individual', NULL),
  ('07cbfb10-d01e-4987-a475-b0c52ae7d472', 'Yoosuf Khaleel', 'individual', NULL),
  ('0e4a3817-ba44-4a10-befc-fd30dacd1978', 'Ninety 5', 'individual', NULL),
  ('1cde95e9-c21a-45e6-b403-04069ef3aa61', 'Ibrahim Jaufar', 'individual', NULL),
  ('09128f83-a82c-4c08-bd88-dd5a7d67e2f4', 'Mohamed Wasif', 'individual', NULL),
  ('84b6d539-18d7-463f-bb6f-aded734cb346', 'Huraa Council', 'individual', NULL),
  ('b1187f41-56d4-496f-b76a-e708b09f4da1', 'Ali Hanoon Hussain', 'individual', NULL),
  ('ffb39883-2214-43e5-9a52-b29580f2b3c9', 'Eydhafushi Council', 'individual', NULL),
  ('df64b9e1-ce39-48e9-81c9-f1d2f41a94ff', 'Aishath Nushoou', 'individual', NULL),
  ('a282aa90-a3a1-435c-9cc6-6db8df8bcfaa', 'Sahaba Investments Pvt Ltd', 'individual', NULL),
  ('81efb2ed-49b8-4845-8a28-fa25a5d5e5ec', 'Rifasha Muhsin', 'individual', NULL),
  ('d3ab2fd9-a5bd-4284-b30a-09ef9843f250', 'Iyaadh Shah', 'individual', NULL),
  ('9f444e43-f118-4c23-9e0c-d77d78694860', 'ALI WISAM', 'individual', NULL),
  ('4586efb5-784c-4e53-bfb2-b1d5430e23aa', 'Dhondheenaa Pvt Ltd', 'individual', NULL),
  ('24ea55cb-1b70-4105-9e6a-e9b670246e31', 'Shahudhan Adam *Huss Carft)', 'individual', NULL),
  ('836fbbc4-53a0-410a-8600-6df3f3834553', 'Hussain Riyash', 'individual', NULL),
  ('95fe06b4-553a-4138-9390-11f2ab911dc2', 'Raalhu arts & Design', 'individual', NULL),
  ('ba98c46e-6932-410f-8302-77dff204761c', 'Hussain Abdulla', 'individual', NULL),
  ('fa0bbcd3-8ec2-4bf4-9b89-203a786acf39', 'Onhand The Personalized Centre', 'individual', NULL),
  ('c50031a7-37b9-4d7d-a289-48b57327674f', 'Aishath Sajuha', 'individual', NULL),
  ('dd8666fb-6f88-4558-8927-556e91038120', 'Saeedsfahaafoshu', 'individual', NULL),
  ('94381777-cdde-4ab3-94f2-24bf32959280', 'Hassan Sham', 'individual', NULL),
  ('94435b9b-f618-4c83-951a-d9ead700254c', 'Abdulla Shifau (Shaviyani Pro)', 'individual', NULL),
  ('5476a18e-dada-4c45-bbdf-26b8c394be9f', 'Fahi Dhiriulhun Corportation', 'individual', NULL),
  ('d2a458ec-ded2-475a-bee9-f061936e138e', 'Ahmed Shifan (Kothalhu Factory)', 'individual', NULL),
  ('698e2214-4719-4631-94c5-b2643c06dfa2', 'Maldives Finance and Leasing Company Pvt Ltd.', 'individual', NULL),
  ('802fb793-0552-46c7-91de-b77f5910f290', 'Ahmed Nihaadh', 'individual', NULL),
  ('3545bc98-c368-4ba4-bdeb-a7bc908df47f', 'Dhivehi Insurance Company Pvt Ltd', 'individual', NULL),
  ('ef907a8e-2476-4175-9992-80dbbd69ab5d', 'Ibrahim', 'individual', NULL),
  ('3449bdbd-915e-4dda-8d36-66ec14a229b4', 'Gaafaru Future Academy', 'individual', NULL),
  ('c5b9f914-aba3-4f8a-9cf2-3623bb1def45', 'MDP Fuvahmulah', 'individual', NULL),
  ('1ad7e30f-5371-447f-9977-20963796d80d', 'People''s National Congress', 'individual', NULL),
  ('cb1fc662-9038-4ced-ab98-64df2856be60', 'Hussain Shafeeu', 'individual', NULL),
  ('16fa76e8-4e71-48ee-8a77-a9f66492086d', 'Sharey Sharuvaan (Thoddoo School)', 'individual', NULL),
  ('a688aabb-392a-4576-ba45-d55bbb36241d', 'Niushad (Nova Assosiated)', 'individual', NULL),
  ('e3434b2f-9b69-44a9-9548-8b60b72be8ad', 'Lujain', 'individual', NULL),
  ('f4f00c4e-38ee-4bd4-81c3-940b479fc314', 'Shiuma Ibrahim Musthafa', 'political_party', NULL),
  ('5761f883-5eef-4db5-a7f9-b1d96c532238', 'Majid Ahmed', 'political_party', NULL),
  ('72ecd776-bfb8-4ccb-ada6-17e47b57b0d4', 'Maajidha Maaji', 'political_party', NULL),
  ('7e4f2999-b396-49fa-965c-79bd0cc8c635', 'Shameela Hilmly', 'political_party', NULL),
  ('d83021a8-2c78-4bba-878e-3a3471b60957', 'Ali Razzan', 'political_party', NULL),
  ('18129b79-48af-4b81-897f-66e0d13e7951', 'Aminath Inaya', 'political_party', NULL),
  ('53346d46-9193-421d-be90-bc1ecc19a949', 'Saajee', 'political_party', NULL),
  ('6692de82-e730-467b-97b5-e17086ebad65', 'Shafeena Ismail', 'political_party', NULL),
  ('d50c87fb-83fb-4fa5-9a6d-dccb1783b0a6', 'Hamid Abdulla', 'political_party', NULL),
  ('530c3065-6d72-427e-99af-f1c2b73c1791', 'Aisha', 'political_party', NULL),
  ('b2b58d3e-e3b0-4707-bb0b-1a27c7fc5621', 'Abdulla Hasan', 'political_party', NULL),
  ('3a177668-58e5-4edc-8444-6f0fb5fbee4d', 'Hidhaya Moosa', 'political_party', NULL),
  ('cebbf88c-0849-4191-a3f4-87cc3c56a424', 'Ahumeema Ahmed', 'political_party', NULL),
  ('0e5916ac-4644-487e-90aa-246c4f8006cb', 'Ageel Mohamed', 'political_party', NULL),
  ('a4e75ab4-f4a9-4e27-a93c-f883a0a166f1', 'Aishath Sheenaaz', 'political_party', NULL),
  ('60305e14-1710-45ad-be0f-4f217387e31a', 'Saarath Nasir', 'political_party', NULL),
  ('4a26ebb6-eee8-484f-8d18-feb8127c1853', 'Sharuvaan', 'political_party', NULL),
  ('b0e5715e-7aa3-4b91-a0f9-d5596dab5b59', 'Aminath Irasha (Fero)', 'political_party', NULL),
  ('b5b9b4a0-69b3-47e4-b1eb-7603195ef024', 'Ismail Saeed (Isse)', 'political_party', NULL),
  ('80c76799-7cb7-4ccf-8b4e-ad49859a5270', 'Mohamed Shiyaz', 'political_party', NULL),
  ('c9936de9-ff8e-4ba9-a503-69620402b655', 'Zaya Fathimath', 'political_party', NULL),
  ('e34d4b1b-9105-4940-a53a-e09cda8c74da', 'Sulthana Adam', 'individual', NULL),
  ('6f0358be-6d53-4607-9ebb-414f543797b1', 'Ali Afrah', 'individual', NULL),
  ('8d831ae9-936b-40db-8dc2-44fdb385cd2b', 'Ali Ahmed', 'political_party', NULL),
  ('43d7b6bc-795b-43ff-ac61-52e00d891290', 'Nusra Rasheed', 'political_party', NULL),
  ('3e9779ae-9856-44b8-a165-9bc549c9e8a9', 'Aishath Sajan', 'political_party', NULL),
  ('80171f07-37ba-45b3-b920-958a8577fd14', 'Aminath Afshan Athif', 'political_party', NULL),
  ('2330fa92-5cdc-4b27-ac1a-d87134c78751', 'Fathimath Fainaan', 'political_party', NULL),
  ('a62222a1-61cf-4016-abca-fe5fc7804e34', 'Abdulla Athoof', 'political_party', NULL),
  ('0bad5118-5bab-47d5-8775-a5035bceb14f', 'Shifaza Latheef (Yas)', 'political_party', NULL),
  ('2df7891b-58b8-4546-b047-6a22de5732d5', 'Ahmed Sham', 'political_party', NULL),
  ('7a08f8c7-963c-4804-8ee5-8288cafb72b8', 'Ismail Yameen', 'political_party', NULL),
  ('ec962599-577e-4b7c-8b73-5f74b955c2dd', 'Shiumaz Andu Samad', 'political_party', NULL),
  ('dacac4c8-c8ad-4dd7-8a32-db53f1c6a182', 'Hussain Mohamedfulhu', 'political_party', NULL),
  ('b2d938f5-7c3e-4e00-93a6-16534a2857e5', 'Mariyam Inasha', 'political_party', NULL),
  ('e2bd8049-a242-476a-9858-812c4a7a905c', 'Aishath Sana', 'political_party', NULL),
  ('d1fae65d-389e-4dff-9809-55810c5c500d', 'Rishtha Sameer', 'political_party', NULL),
  ('9b0d0355-bf97-4ef4-956d-feb06e74385c', 'Mohamed Nail', 'individual', NULL),
  ('348dd5c6-a893-4735-9044-09a6a9f7c0e2', 'Aishath Shurufaa', 'political_party', NULL),
  ('1b331c85-e77c-43a0-a388-98a7e3fab4b2', 'Arif Hussain', 'political_party', NULL),
  ('41231dbc-c866-4865-96a6-3e4f59bbf886', 'Mohamed Ajeeb', 'political_party', NULL),
  ('d74b951e-e823-43fc-9abf-1ab1131ddfb8', 'Bahoo', 'political_party', NULL),
  ('d6672e94-1b1e-419f-9a53-3ec19a8ea192', 'Fazuna Hasan', 'political_party', NULL),
  ('702ee7c0-2c34-45cb-a20d-3da7c24da904', 'Hamna Mohamed', 'political_party', NULL),
  ('48a16e6f-a6ad-4a3f-9ae5-4d3263d59061', 'Shizuna', 'political_party', NULL),
  ('b3f5a2be-f071-45c6-99c8-40698af26a50', 'Suoodha Nasir', 'political_party', NULL),
  ('22f6b1d4-3bdf-4a2b-b7eb-c840c0f2c4b4', 'Aishath Juneena Ali', 'political_party', NULL),
  ('f5aa89d3-b7cf-483b-bc5e-6bf48eb8c3cd', 'Mariyam Wafa', 'political_party', NULL),
  ('d4aebc39-c2aa-45b7-af5e-26abe34e3f36', 'Fathimath huda Abdulqayoom', 'political_party', NULL),
  ('a6fd9f85-a1e7-45fb-a0b7-f4a50fc88529', 'Ashraq', 'political_party', NULL),
  ('16e1f90b-70ad-4b9f-8a20-ab8a25b915e7', 'Vishal Mohamed', 'political_party', NULL),
  ('849681dc-4af1-475a-a855-ab3dd154c8ed', 'Ali Dhawood', 'political_party', NULL),
  ('090a7f88-4e92-4e3a-831a-4e5cccccfd87', 'Sawa', 'political_party', NULL),
  ('056c5f2f-9e96-4ba1-9653-78ada3d60662', 'Hdham Labeeb', 'political_party', NULL),
  ('22b0bbef-2854-4a36-ac56-02ea3cb7ffb3', 'Aamaalu Mohamed', 'individual', NULL),
  ('61cd4b57-32cd-4232-a47b-0661bdef04c5', 'Hawwa Shuha', 'political_party', NULL),
  ('1bf375ab-a498-4038-91b2-831bdcfb6ec4', 'Ilyas Fathuhy', 'individual', NULL),
  ('a5fae969-72f8-45d0-85e7-60dff8a70b4c', 'Hussain Varis', 'political_party', NULL),
  ('8afb82de-56b7-4704-ba42-374004695a05', 'Nishreena Moosa', 'political_party', NULL),
  ('06434bca-7e0f-40d7-8ea4-feef26aec9bd', 'Shamoon', 'political_party', NULL),
  ('b015337d-76aa-4d5e-bf1a-04310acd22f1', 'PNC Vashafaru', 'political_party', NULL),
  ('f9757289-890e-49d6-8109-00dda8f3062a', 'Shaiqa', 'political_party', NULL),
  ('d27181ab-0070-411c-9e06-ac039c3a5090', 'Fathimath Hijra', 'political_party', NULL),
  ('080646f0-3aa6-44cb-9a91-d0f8d29c4db0', 'Mohamed Shinan', 'individual', NULL),
  ('80dff653-0546-49d8-a9ba-97af3d903a75', 'Firasha Ibrahim', 'political_party', NULL),
  ('67b6fe2a-fd16-423c-af2c-4b6ead07fb7f', 'Fathimath Rasheed (Layaaly)', 'political_party', NULL),
  ('c6279847-d73f-4aa7-94cc-13ce424dfcfc', 'Naifa', 'political_party', NULL),
  ('7acddf8a-0df6-4891-99d8-8ce80d804dd7', 'Mohamed Areef', 'political_party', NULL),
  ('04c0e639-67e0-4e23-88e6-736e011f1cfe', 'Vasif Ahmed', 'political_party', NULL),
  ('d10b06c4-b594-4134-ad00-e572d2e1b0fe', 'Aminath Laiza', 'political_party', NULL),
  ('5e746ae1-492b-4fb1-9e7d-a5f6384a2802', 'Aminath Dhimna', 'political_party', NULL),
  ('d08cbfa0-2456-43ae-8b69-fbf612501f19', 'Hussain Shareef (Sein)', 'individual', NULL),
  ('242371c7-a31c-48a2-acb5-fce189b4f9e9', 'Aiman Mohanmed', 'political_party', NULL),
  ('d9b15f25-4e63-46b5-8d58-0203de5ccb7b', 'Haifa Hasan', 'political_party', NULL),
  ('c31d1915-2f1b-49bb-ae2e-b82116c0c780', 'Mohamed Shuau', 'political_party', NULL),
  ('edea5a2a-7461-4c47-b88f-3efcb9921c12', 'Ajufan Mohamed Nashid', 'political_party', NULL),
  ('63488ea3-0d63-4aef-8609-9f372bd7ff65', 'Ahmed Mauroof - Kudey', 'political_party', NULL),
  ('e8bd66f0-b87b-4792-922a-541c3901ecbc', 'Abdulla Mahzoom Majid', 'political_party', NULL),
  ('60c9ccab-8a7e-4d5f-b765-8a3232542331', 'Ali Fawaax', 'political_party', NULL),
  ('dba29e3f-d187-42b9-a48c-432dc3f659e1', 'Saujath Ahmed', 'political_party', NULL),
  ('9dce741c-6a01-4bdb-a40b-3d8d74333356', 'Fathimath Sameera', 'political_party', NULL),
  ('6073e5fa-0f7c-4f8f-b227-0cc467fdf7dd', 'Aisha Gadhir', 'political_party', NULL),
  ('6404df5a-5172-493c-9e16-2258b43dd24d', 'Aishatha Shabana', 'political_party', NULL),
  ('fb5bd006-94cd-475e-b697-953f96bb91ce', 'Aminath Rizana', 'political_party', NULL),
  ('2ded64b3-e281-47a5-b521-4f5349e4c5a1', 'Aishath Shiyama', 'political_party', NULL),
  ('b9eebdc5-ea8d-41c0-84e6-a5e50594911a', 'Nasira Abdul Wahid', 'political_party', NULL),
  ('5631f677-99be-4ba7-bc6d-2fd06d7c1fe6', 'PNC HInnavaru', 'political_party', NULL),
  ('2c3e5c2e-4166-48b8-82da-eaa805710a9e', 'Ibrahim Athif', 'political_party', NULL),
  ('71edac93-9599-450c-84df-518b4d1c8a91', 'Mariyam Shimaza', 'political_party', NULL),
  ('cec0219a-e762-49ce-809c-d5a22a204d80', 'Mohamed Ilham', 'political_party', NULL),
  ('024f47a0-4768-4f20-a1b9-39551caf41ae', 'Mohamed Rilwan', 'political_party', NULL),
  ('28844cab-a260-4f4f-b480-e981fd611cb8', 'Shafiz Moosa', 'individual', NULL),
  ('fe4a2780-ec9a-45fe-931b-7a6513b81b97', 'Dhiffushi', 'individual', NULL),
  ('b5193eff-28d8-4b8c-abad-4bd468418f9c', 'PNC Vilufushi', 'political_party', NULL),
  ('45244abc-72bc-4216-8c0d-4fc9000eb3b8', 'Abdulla Haleel', 'political_party', NULL),
  ('13b5511d-5fc2-4836-97c3-b3a42f6ee43e', 'Moosa Ali', 'political_party', NULL),
  ('3cdb7980-3660-4214-9785-565334bef9b3', 'Fathimath Shifna', 'political_party', NULL),
  ('760ffe81-b597-439a-a172-845c3b0af4b3', 'Shahumeena Hussain', 'political_party', NULL),
  ('8127adc1-6d1f-4e21-93a4-b528fbf3d444', 'Zaina Hussain', 'political_party', NULL),
  ('5bbefbc9-7d2f-401c-9ab9-1a046dfc6092', 'Aishath Rishfa', 'political_party', NULL),
  ('62f1eec3-c917-45a5-baf2-42747ae8d4fe', 'Aminath Hussain', 'political_party', NULL),
  ('a02a4d6e-fd0d-4e45-9f5f-b11fe0d15492', 'Fazuna Ibrahim', 'political_party', NULL),
  ('813e7bf7-5b58-4748-a704-350ae0efac43', 'Shahula Zahir', 'political_party', NULL),
  ('e61f55c2-4b01-4250-8327-20d3c817df92', 'Fazla Saleem', 'political_party', NULL),
  ('22057b8a-3b8f-4b2f-aca7-e6c6082dcf96', 'Ibrahim Faisal', 'political_party', NULL),
  ('28dac744-4f65-4ce1-a005-b828852b7f6f', 'Mohamed Adam', 'political_party', NULL),
  ('c19888fd-0920-49ec-930b-39400295f8fb', 'MDP Kulhudhuffush City', 'political_party', NULL),
  ('1ba93aec-e33c-43e9-88e1-a4cbc4926bcb', 'Aminath Isama', 'political_party', NULL),
  ('25703adc-a409-4027-b70e-123d9b49f9bb', 'MDP Velidhoo', 'political_party', NULL),
  ('dfb7545b-6b5b-4cd4-b494-e9175fa0f1ea', 'Abdulla Imran (Imma)', 'political_party', NULL),
  ('ab7cb580-1743-4961-92c8-113d5ca2a3b6', 'Hawwa Nishama', 'political_party', NULL),
  ('204b3d09-39ce-45ca-ab4d-6ac5feb33003', 'Aishath Ibrahim', 'political_party', NULL),
  ('f69a0cfe-bc11-4543-b38a-035ab5212c09', 'Aishath Yashfa', 'political_party', NULL),
  ('64a6c294-1c67-412e-8191-184d6b401d68', 'Rugiyya Qasim', 'political_party', NULL),
  ('47e69ecd-31b8-40f4-b8d1-89307104a1a6', 'Abdulla Ali (Abbu Fayaazu)', 'political_party', NULL),
  ('0d564be9-a55a-4a19-b302-fc40243754ad', 'MDP Ungoofaaru', 'political_party', NULL),
  ('86eed60a-cfe6-47fb-b4a1-8427b2183cbf', 'Muhammadh Hussain Manik', 'political_party', NULL),
  ('6fde7da5-fcae-4929-80f9-8b1fa375ebeb', 'Fathimath Aneela', 'political_party', NULL),
  ('2ca865ea-feb3-4e6a-8bd2-4cd2bf441fc5', 'Niha Hussain', 'political_party', NULL),
  ('c305f9d8-9c35-4f38-8df1-cf9520ce1453', 'Mohamed Muneez Moosa', 'political_party', NULL),
  ('fae737a9-94dc-42bc-a613-7c6b1bc09f25', 'MDP Dharavandhoo', 'political_party', NULL),
  ('f1a17324-c89f-40b3-96fb-0ae28e462f10', 'MDP Naifaru', 'political_party', NULL),
  ('6eac5710-d10e-4e77-8e03-05cb50e2e68c', 'Aminath Masaalath (Lathoo)', 'political_party', NULL),
  ('051ea4b9-ff9d-4541-9afa-8b4dcbff3a02', 'Aminath Fazla', 'political_party', NULL),
  ('ee2dda25-113f-4af1-a179-15dc132c4a22', 'Ahmed Azmeel (Azube)', 'political_party', NULL),
  ('c8e3d0f9-90e4-466b-bbcf-cb91a64971a1', 'MDP Thinadhoo', 'political_party', NULL),
  ('b3eb7187-e22f-4957-9323-3b817e364477', 'Hasan Latheef (Twoki)', 'political_party', NULL),
  ('11bebafc-4f48-44b3-a006-c0e0d2966a2c', 'Ahmed Shiyam', 'political_party', NULL),
  ('ab2ae546-f90d-44c8-85d9-0030fcdc7943', 'Hadheeja Moosa', 'political_party', NULL),
  ('524a68ac-6a27-4c70-b7f5-3a73af2b85dd', 'MDP Nellaidhoo (Menifesto)', 'political_party', NULL),
  ('c9ffad70-c344-4c56-b789-b69475a5ef7e', 'Mohamed Shaiman Adam Salaam', 'political_party', NULL),
  ('c51c606b-2dd1-405f-8a64-9c72a1f01b1c', 'MDP Villingili (Menifesto)', 'political_party', NULL),
  ('87369a00-58f9-4e87-bdf5-e960cf77ffdd', 'MDP Kendhikulhudhoo (Menifesto)', 'political_party', NULL),
  ('76a4a415-705c-4256-a486-e9c7f8a238d6', 'Mohamed Maajid', 'political_party', NULL),
  ('5395517d-4baa-41a3-a4dd-e4498e725569', 'Aishath Aqleena', 'political_party', NULL),
  ('13e375fa-d3b6-49f6-8555-ace453c7f459', 'Mohamed Sobaa', 'political_party', NULL),
  ('98769b91-f3b1-42dd-84f4-fe515080a0e2', 'Saajidha Ahmed', 'political_party', NULL),
  ('01824286-267a-43a8-b84c-d23ad9e184c9', 'Mariyam Muzaina', 'political_party', NULL),
  ('60b1debc-ae60-42ff-a8cb-333676385bba', 'PNC Makunudhoo', 'political_party', NULL),
  ('95aa3cce-2d04-4885-9167-f9a33d03ab78', 'Muzaina', 'political_party', NULL),
  ('4582197c-5af9-46e0-af47-97a11a63b85e', 'Fathimath Shifa', 'political_party', NULL),
  ('96e3ca6a-eb17-419e-9329-6c8027d492b1', 'Aishath Abdurahman', 'political_party', NULL),
  ('c31708ad-e37b-4fb0-89ff-9390cb17803a', 'Aminath Lubna', 'political_party', NULL),
  ('999a5b2c-af14-4dd7-9e24-feda235bd9be', 'Ahmed Maaish', 'political_party', NULL),
  ('23734043-78fd-41d5-8be8-7a17c6ff6a0a', 'Aminath Liusha', 'political_party', NULL),
  ('3bff43e2-1027-4a04-8891-f837f1b8b2ca', 'Ibrahim Abfurahman', 'political_party', NULL),
  ('4a4a459d-eb84-461a-a242-a5576a9cd7b2', 'MDP Kendhoo', 'political_party', NULL),
  ('6256ea58-07de-43e1-8c2b-c65bffe6203e', 'Zaidhu', 'individual', NULL),
  ('70dd1edf-c45e-406d-80b5-e013ce6f3e2b', 'MDP VVM', 'political_party', NULL),
  ('b92bd4e5-85d3-4b48-b795-c1e0309e152d', 'Shazee', 'political_party', NULL),
  ('d7f1ff06-6f39-4c8a-ba0d-fa5645310e97', 'Abdulla Waheed', 'political_party', NULL),
  ('770f13c8-9841-4b51-bf40-a4f1604e14c9', 'Ali Nasheed', 'political_party', NULL),
  ('56802482-7858-4e3a-a0d4-52d4d1caf5f6', 'MDA', 'political_party', NULL),
  ('237cc0ce-046d-44a9-a064-01f2e070a078', 'Ahmed Nishan', 'political_party', NULL),
  ('14d666ac-16c9-4b1e-9ee2-e264eb7de584', 'Candidate 1', 'political_party', NULL),
  ('5e0d2257-8262-4f7b-8d16-10f8a349dd74', 'Candidate 2', 'political_party', NULL),
  ('0d58fe7f-92eb-4736-b306-af60fc4cc8b0', 'Candidate 3', 'political_party', NULL),
  ('eb206c98-6876-4851-9051-198b4839ec69', 'Candidate 4', 'political_party', NULL),
  ('a84e7abe-4e82-481b-b073-fb10d074aff3', 'Candidate 5', 'political_party', NULL)
ON CONFLICT (id) DO NOTHING;

-- ============================================================
-- LICENSES
-- ============================================================
INSERT INTO licenses
  (id, buyer_id, font_id, purchase_date, invoice_amount,
   payment_status, is_fine, source, qb_synced, paid_to_contributor)
VALUES
  ('ff119ea3-eda4-41f8-9113-62485d8e08e8', '59399830-364c-4273-9d76-75ba51f2d1c6', '22222222-0000-0000-0000-000000000002',
   '2024-08-15', 4050.0,
   'paid', false, 'direct_sale',
   false, true),
  ('86846fb0-b3fb-4761-8cf3-484f0c3e3ecc', '92ca5443-30b6-4a65-b315-9cffcf6d4fa8', '22222222-0000-0000-0000-000000000002',
   '2024-08-19', 21600.0,
   'paid', true, 'direct_sale',
   false, true),
  ('32cdfea6-6f76-4df5-9a0a-8d26c84d9cbf', 'd651426f-e4bf-4412-bf58-2e6d84156293', '22222222-0000-0000-0000-000000000002',
   '2024-08-26', 4050.0,
   'paid', false, 'direct_sale',
   false, true),
  ('4887a7b5-ec2a-4dcf-85f1-332fa52bf4a0', '59aaef65-c453-423d-bcac-b471226f3e09', '22222222-0000-0000-0000-000000000002',
   '2024-12-10', 4050.0,
   'paid', false, 'direct_sale',
   false, true),
  ('64d91f31-1fed-4592-86ef-7d06cd4494a4', '6eca225c-8db8-4c0f-b1f0-c27250f51372', '22222222-0000-0000-0000-000000000002',
   '2024-08-27', 4050.0,
   'paid', false, 'direct_sale',
   false, true),
  ('040a9e72-da3a-4bcf-8d1f-6116259e2774', 'a81b4d3d-b2c2-4546-abd8-c38549aebdc4', '22222222-0000-0000-0000-000000000002',
   '2024-10-12', 4050.0,
   'paid', false, 'direct_sale',
   false, true),
  ('91bc7f31-254d-4223-86d1-50f9eeca2d9a', '3b12296b-40d7-4510-9a78-ef0df9c90aea', '22222222-0000-0000-0000-000000000002',
   '2025-01-21', 4050.0,
   'paid', false, 'direct_sale',
   false, true),
  ('d758e30b-d04c-4851-a71a-dfb58c4d01f3', '822fbe4c-5e18-4ccf-bd3e-13a901c225c4', '22222222-0000-0000-0000-000000000002',
   '2025-01-21', 21600.0,
   'paid', true, 'direct_sale',
   false, true),
  ('9a8fd843-94fd-4d6d-9c3f-3670dff9543f', '0594fc28-26d3-442c-8216-58146c4ce56a', '22222222-0000-0000-0000-000000000002',
   '2025-01-28', 4050.0,
   'paid', false, 'direct_sale',
   false, true),
  ('2d49c5fa-d69c-4736-bc3e-3dd67931accf', 'da2e3dcf-4e96-4399-9000-4f60a27629cb', '22222222-0000-0000-0000-000000000002',
   '2025-10-03', 4050.0,
   'paid', false, 'direct_sale',
   false, true),
  ('6932fd84-baad-4c9f-89ca-7be44878ad9e', '704bd51f-fc13-412e-9ca5-688da2eb3c0b', '22222222-0000-0000-0000-000000000002',
   '2025-03-19', 4050.0,
   'paid', false, 'direct_sale',
   false, true),
  ('5acd6867-9c47-4340-8096-7be25df78a63', 'c92fe772-3cb1-45e4-ba6f-1074250fdd7f', '22222222-0000-0000-0000-000000000002',
   '2025-12-17', 4050.0,
   'paid', false, 'direct_sale',
   false, true),
  ('f90dbbb1-e33f-41d1-9512-9216257af06d', '7ce712ba-3ecc-43c6-b64a-4f2e47391ca5', '22222222-0000-0000-0000-000000000002',
   '2025-12-20', 4050.0,
   'paid', false, 'direct_sale',
   false, true),
  ('83e31b92-4625-4945-bdd8-395d83f9db5e', 'b88f89c1-c414-4a6c-93b4-aca9d76eba49', '22222222-0000-0000-0000-000000000002',
   '2025-12-21', 4050.0,
   'paid', false, 'direct_sale',
   false, true),
  ('b6660247-a2e6-4d57-b46e-579d15a1fe6b', '333e76a0-718e-43f3-8a20-7e83c58e39f7', '22222222-0000-0000-0000-000000000002',
   '2025-12-24', 4050.0,
   'paid', false, 'direct_sale',
   false, true),
  ('f4522904-5a40-4d70-91b5-4f849165f143', '47a3cb21-6b03-4a84-9d1b-97d1b100519f', '22222222-0000-0000-0000-000000000002',
   '2025-12-25', 4050.0,
   'paid', false, 'direct_sale',
   false, true),
  ('890805d8-aa5f-4ab5-b024-9d0865978c98', 'e72c7d8f-c8ce-4f70-81ff-6d545478964b', '22222222-0000-0000-0000-000000000002',
   '2025-12-25', 4050.0,
   'paid', false, 'direct_sale',
   false, true),
  ('2f64c0b6-45bc-46a8-a8e5-20730b6fd467', '6435b642-188f-4ddd-9b93-bd7e6e19b9cc', '22222222-0000-0000-0000-000000000002',
   '2025-12-26', 4050.0,
   'paid', false, 'direct_sale',
   false, true),
  ('995e1b22-b6aa-4f4b-944e-fb86facbca93', '94c226fe-bbc1-446a-a89c-2dcb3ad6365c', '22222222-0000-0000-0000-000000000002',
   '2026-01-04', 4050.0,
   'paid', false, 'direct_sale',
   false, true),
  ('888852f7-a380-4d0c-b1dc-60621e9c905b', '755c12d6-def2-40cb-9489-1bbc3b2aa677', '22222222-0000-0000-0000-000000000002',
   '2026-01-07', 4050.0,
   'paid', false, 'direct_sale',
   false, true),
  ('50ce14f3-f08a-4c9b-893a-12aa8ee23b23', '03eecd44-b5bd-4b10-b9d0-5c17c248e0ee', '22222222-0000-0000-0000-000000000002',
   '2026-01-17', 4050.0,
   'paid', false, 'direct_sale',
   false, true),
  ('bff38317-c404-462d-8130-b60ada62d8a2', '5e7f8677-bb21-485b-aea9-5d0afe728c09', '22222222-0000-0000-0000-000000000002',
   '2026-02-04', 4050.0,
   'paid', false, 'direct_sale',
   false, true),
  ('a4151b18-72c6-4fb2-bbbf-0dbc5ee4b8f3', '617cc21b-5a7a-4001-b592-62bb2a6ba3f5', '22222222-0000-0000-0000-000000000002',
   '2026-02-04', 4050.0,
   'paid', false, 'direct_sale',
   false, true),
  ('c3213532-1975-437f-b6ad-b2bc35261123', 'feed7642-981e-488c-8336-b023ba72bbaa', '22222222-0000-0000-0000-000000000002',
   '2026-02-08', 4050.0,
   'paid', false, 'direct_sale',
   false, true),
  ('3200fe71-8d25-46ff-9e38-97853961b1d7', '28e49249-0106-4473-900a-66bed4720643', '22222222-0000-0000-0000-000000000002',
   '2026-02-09', 4050.0,
   'paid', false, 'direct_sale',
   false, true),
  ('405bfbd9-1fcc-4d9a-8004-1957785f9b34', '04c8f369-98c4-4d97-a9b2-29b431d5c662', '22222222-0000-0000-0000-000000000002',
   '2026-02-10', 4050.0,
   'paid', false, 'direct_sale',
   false, true),
  ('17e9f69f-bad5-4b3d-8e8a-14cd4822e0bc', '60fbae33-ce75-4e0b-a084-5ef3dc47b085', '22222222-0000-0000-0000-000000000002',
   '2026-02-11', 20000.0,
   'paid', false, 'direct_sale',
   false, true),
  ('666c57e0-642c-43df-86b8-222a555913f5', '793e56d1-9d91-472f-8ea8-fcafad8012c3', '22222222-0000-0000-0000-000000000002',
   '2026-02-17', 4050.0,
   'paid', false, 'direct_sale',
   false, true),
  ('991db4c5-0a51-4160-9038-f4dd852cf09d', 'ebd90a66-f1ba-4c58-ab02-4eac533c6ea5', '22222222-0000-0000-0000-000000000002',
   '2026-02-17', 4050.0,
   'paid', false, 'direct_sale',
   false, true),
  ('b6feb5e7-01ff-4b56-a058-e1f663f61227', 'bf3cf706-65a7-4f67-b53f-b267c28b166b', '22222222-0000-0000-0000-000000000002',
   '2026-02-25', 4050.0,
   'paid', false, 'direct_sale',
   false, true),
  ('0b9652e7-6f85-481c-997b-3398ab63f8a2', '22090d64-9e8c-4e2a-8a22-9befe2722587', '22222222-0000-0000-0000-000000000002',
   '2026-02-04', 4050.0,
   'paid', false, 'direct_sale',
   false, true),
  ('91f0b4fb-5b15-431c-ba49-963c3f69792f', '0d6fed82-b77d-4e3f-988d-79cb6bc5cdf8', '22222222-0000-0000-0000-000000000002',
   '2026-03-04', 4050.0,
   'paid', false, 'direct_sale',
   false, true),
  ('ee29b1bb-3bcd-450b-a11d-b335bf60cec9', '55a5cda7-a3db-4b82-a2b2-e63f15057fb1', '22222222-0000-0000-0000-000000000002',
   '2026-03-03', 4050.0,
   'paid', false, 'direct_sale',
   false, true),
  ('b7cfc196-b813-42af-8999-f1c0fe371125', '5561f42c-c541-4e58-8231-fbbf6b280eb2', '22222222-0000-0000-0000-000000000002',
   '2026-03-02', 4050.0,
   'paid', false, 'direct_sale',
   false, true),
  ('1f83b16e-a117-4642-a243-e3809eb2b416', '96a0fed7-31ee-4016-81e1-78a5c385981d', '22222222-0000-0000-0000-000000000002',
   '2026-08-04', 4050.0,
   'paid', false, 'direct_sale',
   false, true),
  ('dc9d1ede-eebd-4983-bc8c-3b4e38f142ac', 'fae58858-9d1a-4394-9035-cce2a9a9f247', '22222222-0000-0000-0000-000000000002',
   '2025-01-01', 192800.0,
   'paid', false, 'direct_sale',
   false, true),
  ('7b5f1361-851b-41dd-a53f-1a9feeed0bf9', 'dce7ff13-c239-4626-8ba6-9e335e241afc', '22222222-0000-0000-0000-000000000001',
   '2026-01-01', 3000.0,
   'paid', false, 'direct_sale',
   false, true),
  ('b21b34aa-f512-4cd8-87fd-91b451d9c13f', 'ddf28d13-817a-4fb7-b3c2-2879d4cd0a55', '22222222-0000-0000-0000-000000000001',
   '2026-01-01', 3000.0,
   'paid', false, 'direct_sale',
   false, true),
  ('c06aa948-46a7-4519-8d78-d8152f9d7e11', 'c36db88c-48fd-4fbd-b670-df0f22988073', '22222222-0000-0000-0000-000000000001',
   '2026-01-11', 3000.0,
   'paid', false, 'direct_sale',
   false, true),
  ('dc3c2e25-df17-40b8-bc9b-baf6009d5912', 'ee16c84f-42e4-4b5f-8fa6-28875774205f', '22222222-0000-0000-0000-000000000001',
   '2026-01-13', 3000.0,
   'paid', false, 'direct_sale',
   false, true),
  ('22acffaa-27b6-4b24-967b-d6a492e70343', 'fa0cb126-b74e-41eb-89a6-320f03ec68ab', '22222222-0000-0000-0000-000000000001',
   '2026-01-13', 3000.0,
   'paid', false, 'direct_sale',
   false, true),
  ('59ab87c6-4ae4-4ef3-9a50-fe789f73c040', '4daab38e-ffb2-4ea7-a2aa-75ae8280567c', '22222222-0000-0000-0000-000000000001',
   '2026-01-26', 3000.0,
   'paid', false, 'direct_sale',
   false, true),
  ('50590091-de28-4c0d-9550-abb9ab7f61d5', '5e7f8677-bb21-485b-aea9-5d0afe728c09', '22222222-0000-0000-0000-000000000001',
   '2026-02-04', 3000.0,
   'paid', false, 'direct_sale',
   false, true),
  ('9b648a7a-2bd6-4a2d-8246-c687130ffca8', 'a0b07aa7-af1e-4783-9dfd-fcae7ad51b7c', '22222222-0000-0000-0000-000000000001',
   '2026-02-04', 3000.0,
   'paid', false, 'direct_sale',
   false, true),
  ('26a74f00-66f2-40a2-982b-a9ddd69e495b', '95f36ffa-c412-4f3f-b443-bb0dc156de0c', '22222222-0000-0000-0000-000000000001',
   '2026-02-10', 3000.0,
   'paid', false, 'direct_sale',
   false, true),
  ('e0673578-0a57-4423-8dcc-7c9d33c18b81', 'df10bd1f-c6b7-41f9-86d3-63ff9926dbf3', '22222222-0000-0000-0000-000000000001',
   '2026-02-15', 3000.0,
   'paid', false, 'direct_sale',
   false, true),
  ('95a0fe4b-8598-4d1f-a514-55b6856a8c68', '1eccb94d-d49a-4460-aef1-6b25ce381a56', '22222222-0000-0000-0000-000000000001',
   '2026-02-15', 3000.0,
   'paid', false, 'direct_sale',
   false, true),
  ('e14c0995-95a4-4a22-b479-a6372410e404', '9af5bcaf-36bd-4b60-a388-e4df965dc3e4', '22222222-0000-0000-0000-000000000001',
   '2026-02-15', 3000.0,
   'paid', false, 'direct_sale',
   false, true),
  ('9e83a903-bf1b-4e6e-b19a-bdf070703c65', 'a739e3c0-dbef-4081-9e91-d345db698356', '22222222-0000-0000-0000-000000000001',
   '2026-02-15', 3000.0,
   'paid', false, 'direct_sale',
   false, true),
  ('a099e8f9-21aa-4f3b-88a1-e039a610fe66', '68da134a-5e58-49ab-a6f1-04333814a31f', '22222222-0000-0000-0000-000000000001',
   '2026-02-15', 3000.0,
   'paid', false, 'direct_sale',
   false, true),
  ('a1fe41db-403d-4221-96bc-035c5bac4dde', '81b131a4-5582-4e83-bec3-79233a6148e4', '22222222-0000-0000-0000-000000000001',
   '2026-02-17', 3000.0,
   'paid', false, 'direct_sale',
   false, true),
  ('a1b8b1ac-738d-46c4-be7f-91622e23c332', '97488df3-b765-473c-9da8-5c2a5d5f3f27', '22222222-0000-0000-0000-000000000001',
   '2026-02-17', 3000.0,
   'paid', false, 'direct_sale',
   false, true),
  ('c0120d98-ba9a-4521-9fae-36fea3ab138f', '55a5cda7-a3db-4b82-a2b2-e63f15057fb1', '22222222-0000-0000-0000-000000000001',
   '2026-03-03', 3000.0,
   'paid', false, 'direct_sale',
   false, true),
  ('5202fe13-3eef-4d34-aa19-de9a84b6415b', 'bbd0cdf4-d5d9-48ff-a344-07ad9b0e203c', '22222222-0000-0000-0000-000000000001',
   '2026-03-03', 3000.0,
   'paid', false, 'direct_sale',
   false, true),
  ('a0807794-f703-4404-97df-bb283a8b1bbf', 'c63670fc-fe18-4993-ad4f-a7ea9318e75a', '22222222-0000-0000-0000-000000000001',
   '2026-03-17', 3000.0,
   'paid', false, 'direct_sale',
   false, true),
  ('39e829f0-0ea5-4e17-b454-3b2f1fd89ad3', '4a73d5b2-88d0-4a92-be4e-0ee926cf2480', '22222222-0000-0000-0000-000000000001',
   '2026-01-04', 3000.0,
   'paid', false, 'direct_sale',
   false, true),
  ('b6d8ae37-c734-450b-8bfe-aa250d912147', '327927a7-511c-44c8-9ed9-e5f1275d55bf', '22222222-0000-0000-0000-000000000001',
   '2026-02-04', 3000.0,
   'paid', false, 'direct_sale',
   false, true),
  ('84a58579-90dd-4a08-aa35-4715cb0ce1e7', '96a0fed7-31ee-4016-81e1-78a5c385981d', '22222222-0000-0000-0000-000000000001',
   '2026-08-04', 3000.0,
   'paid', false, 'direct_sale',
   false, true),
  ('a515692b-7794-45ce-bfa9-298696cc8a0e', '607a64fe-5eb8-4d9c-88d9-da6861ea01c1', '22222222-0000-0000-0000-000000000001',
   '2025-01-01', 3000.0,
   'paid', false, 'direct_sale',
   false, true),
  ('5c2f66c0-3230-4f28-9bf6-a64f49b9e9f5', 'e1103b51-9982-4e21-a060-044f41ba0c92', '22222222-0000-0000-0000-000000000003',
   '2025-06-01', 1500.0,
   'paid', false, 'direct_sale',
   false, true),
  ('7ae0ef88-0ec3-40c0-b4db-835b4f8c69ae', '877a70d7-a7d6-46d9-a37b-280d973e189f', '22222222-0000-0000-0000-000000000004',
   '2025-06-01', 1500.0,
   'paid', false, 'direct_sale',
   false, true),
  ('3aff1d8d-f3bb-4323-82f0-59f67bd3553f', '3b518931-a104-427c-87e1-63f744a4a032', '22222222-0000-0000-0000-000000000003',
   '2025-06-01', 1500.0,
   'paid', false, 'direct_sale',
   false, true),
  ('cdfe0281-9b78-46a4-98ca-082f1139a578', '020fc37a-b5a4-464b-b425-33151564ecb9', '22222222-0000-0000-0000-000000000003',
   '2025-06-01', 1500.0,
   'paid', false, 'direct_sale',
   false, true),
  ('f4d45bd6-6bd8-4f86-a43c-19508b9e3e47', '4cc02615-7ce1-4c6d-bf0c-cf4821b7ac13', '22222222-0000-0000-0000-000000000003',
   '2025-06-01', 1500.0,
   'paid', false, 'direct_sale',
   false, true),
  ('1000ea01-985d-4b31-a108-6ecff0bf1a9c', 'c997e2c1-a805-4b8e-85f3-04f0bdc066c2', '22222222-0000-0000-0000-000000000003',
   '2025-06-01', 1500.0,
   'paid', false, 'direct_sale',
   false, true),
  ('fb495e8b-2cc0-4896-8f86-7b12d3cb68c3', '69186fa8-af85-4f49-88e1-89883c29167d', '22222222-0000-0000-0000-000000000004',
   '2025-06-01', 1500.0,
   'paid', false, 'direct_sale',
   false, true),
  ('2c18270b-2e38-4e06-9c4b-1ff92d2c7812', 'c92fe772-3cb1-45e4-ba6f-1074250fdd7f', '22222222-0000-0000-0000-000000000004',
   '2025-06-01', 1500.0,
   'paid', false, 'direct_sale',
   false, true),
  ('b6793094-4dfa-47c6-a2fc-0f20211854ec', '48ed4190-0c5f-4cce-8dcd-fed769a63eb1', '22222222-0000-0000-0000-000000000003',
   '2025-06-01', 1500.0,
   'paid', false, 'direct_sale',
   false, true),
  ('1331c054-2d34-4daf-b4f3-32841ea97136', 'e5820d15-6be8-45c5-a58a-c278e5fb11c7', '22222222-0000-0000-0000-000000000003',
   '2025-06-01', 1500.0,
   'paid', false, 'direct_sale',
   false, true),
  ('1a7c20f3-8196-413a-a712-e296cec239c0', '4bf5bcd6-65d7-4235-96b3-7bc9961be3f7', '22222222-0000-0000-0000-000000000003',
   '2025-06-01', 1500.0,
   'paid', false, 'direct_sale',
   false, true),
  ('cc989339-d1e2-4377-ae5b-b80ce860dbb5', '2ca4b1f5-76c1-44dd-bc11-dc5f9ae384be', '22222222-0000-0000-0000-000000000004',
   '2025-06-01', 1500.0,
   'paid', false, 'direct_sale',
   false, true),
  ('ddfc288c-2c81-4d98-8e26-febae4db1baa', 'b2a33bad-62a7-4c07-a93e-69a961c1c1ad', '22222222-0000-0000-0000-000000000004',
   '2026-01-04', 1500.0,
   'paid', false, 'direct_sale',
   false, true),
  ('d73b0311-f23b-4e9c-9934-cb66251317d0', '0c1abe64-092a-43c2-be63-8bb52aa96edd', '22222222-0000-0000-0000-000000000003',
   '2026-01-11', 1500.0,
   'paid', false, 'direct_sale',
   false, true),
  ('ffbef672-1b1c-47a1-8a0b-81d9431e09da', '0e7515b4-84e5-45c7-a975-e33e46be0869', '22222222-0000-0000-0000-000000000003',
   '2026-01-22', 1500.0,
   'paid', false, 'direct_sale',
   false, true),
  ('b6d782af-4875-42d5-87e5-9a12f06508a9', '60919bfe-2820-42f4-9d9c-3c27e82423bd', '22222222-0000-0000-0000-000000000003',
   '2026-02-01', 1500.0,
   'paid', false, 'direct_sale',
   false, true),
  ('e9d8c427-37cd-4876-895b-94893ddbf22c', 'f7b74cb4-1de3-4c2e-bdbf-9db63c6d9395', '22222222-0000-0000-0000-000000000003',
   '2026-02-04', 1500.0,
   'paid', false, 'direct_sale',
   false, true),
  ('492edede-9153-4417-9a11-700052ddd181', 'f7b74cb4-1de3-4c2e-bdbf-9db63c6d9395', '22222222-0000-0000-0000-000000000004',
   '2026-02-04', 1500.0,
   'paid', false, 'direct_sale',
   false, true),
  ('44837eed-0bcb-49bc-8cf2-e3840fadce7f', '22090d64-9e8c-4e2a-8a22-9befe2722587', '22222222-0000-0000-0000-000000000003',
   '2026-02-04', 1500.0,
   'paid', false, 'direct_sale',
   false, true),
  ('f7a25ee1-bf14-4912-a7f0-0e5960fdd686', '22090d64-9e8c-4e2a-8a22-9befe2722587', '22222222-0000-0000-0000-000000000004',
   '2026-02-04', 1500.0,
   'paid', false, 'direct_sale',
   false, true),
  ('e4f0f8f3-3f23-4c6e-b2d0-797fc34195be', '9af5bcaf-36bd-4b60-a388-e4df965dc3e4', '22222222-0000-0000-0000-000000000003',
   '2026-02-09', 1500.0,
   'paid', false, 'direct_sale',
   false, true),
  ('7d5e0d8c-4037-4e68-a9c4-f572c15ea6f9', '7f4a3632-1ca5-4b5c-9c6f-81b4a389dc6b', '22222222-0000-0000-0000-000000000004',
   '2026-02-10', 1500.0,
   'paid', false, 'direct_sale',
   false, true),
  ('f91ff10c-17b0-4439-bfe2-79b134143b69', '2caffc4f-09ee-4e78-a52c-3527c7058115', '22222222-0000-0000-0000-000000000003',
   '2026-02-15', 1500.0,
   'paid', false, 'direct_sale',
   false, true),
  ('02799ba0-fc94-4947-9bdd-4c7289a5d13b', '2492738f-8159-44fc-92c2-2d83d1ef4e37', '22222222-0000-0000-0000-000000000004',
   '2026-02-17', 1500.0,
   'paid', false, 'direct_sale',
   false, true),
  ('1fe81add-2201-4273-b11e-ed2cbd382091', '21caca82-8cda-42c7-993e-708f3a0ea826', '22222222-0000-0000-0000-000000000003',
   '2026-02-24', 1500.0,
   'paid', false, 'direct_sale',
   false, true),
  ('9cedd608-f018-440d-9449-bd67bc1d11eb', '30a3d795-3ba8-4007-b9db-2aa86541f3b9', '22222222-0000-0000-0000-000000000004',
   '2026-03-01', 1500.0,
   'paid', false, 'direct_sale',
   false, true),
  ('f20a838f-3970-492b-ba5c-428e30b1b553', '5561f42c-c541-4e58-8231-fbbf6b280eb2', '22222222-0000-0000-0000-000000000003',
   '2026-03-02', 1500.0,
   'paid', false, 'direct_sale',
   false, true),
  ('f0e0d8b7-77d0-4db2-802a-2e1cd856256a', '4bad8528-a2af-4091-9569-625f7a7f13d6', '22222222-0000-0000-0000-000000000003',
   '2026-03-03', 1500.0,
   'paid', false, 'direct_sale',
   false, true),
  ('8e58790b-1a8f-4326-aff0-bf8d20cf4bfa', 'bbd0cdf4-d5d9-48ff-a344-07ad9b0e203c', '22222222-0000-0000-0000-000000000003',
   '2026-03-03', 1500.0,
   'paid', false, 'direct_sale',
   false, true),
  ('c5c2dad6-c566-4c1a-81a4-19c5456ce498', 'cf88691b-de88-4343-9509-43bbb5a2cfd0', '22222222-0000-0000-0000-000000000003',
   '2026-03-17', 1500.0,
   'paid', false, 'direct_sale',
   false, true),
  ('82b81839-9d5e-4c46-8a91-a8b1ac2b7714', 'a9d5537f-3c77-4109-aa1b-27655d50986d', '22222222-0000-0000-0000-000000000003',
   '2026-01-04', 1500.0,
   'paid', false, 'direct_sale',
   false, true),
  ('7bd7d397-653b-4d85-8d41-242a0a5963f6', '705f7f9a-494e-4e67-b4dd-df749e9fa301', '22222222-0000-0000-0000-000000000004',
   '2026-01-04', 1500.0,
   'paid', false, 'direct_sale',
   false, true),
  ('48556c7c-6c05-46b4-8bd7-52c6cdfcd3ad', '93bcfe03-1903-4707-b8d2-ffb2f4c33f48', '22222222-0000-0000-0000-000000000004',
   '2026-01-01', 1500.0,
   'paid', false, 'direct_sale',
   false, true),
  ('6953be2d-9cf9-4452-b43c-a053300f432b', '96a0fed7-31ee-4016-81e1-78a5c385981d', '22222222-0000-0000-0000-000000000003',
   '2026-08-04', 1500.0,
   'paid', false, 'direct_sale',
   false, false),
  ('875ce27b-524b-40cd-864f-eabd5817a7eb', '96a0fed7-31ee-4016-81e1-78a5c385981d', '22222222-0000-0000-0000-000000000004',
   '2026-08-04', 1500.0,
   'paid', false, 'direct_sale',
   false, false),
  ('bda7c89a-c8f6-466b-9e83-29ad0efecf62', '798782d5-bfff-40c4-975b-0e3f3fa0ae9f', '22222222-0000-0000-0000-000000000005',
   '2026-01-28', 1350.0,
   'paid', false, 'direct_sale',
   false, true),
  ('cf8439b5-e338-40cc-8372-fae74386e229', '8efe109c-aaf2-491f-a420-fcf9bf2c6e45', '22222222-0000-0000-0000-000000000006',
   '2025-01-01', 1350.0,
   'paid', false, 'direct_sale',
   false, true),
  ('a10ac90e-c5f6-4a1b-a749-0bffa282dab2', '81b131a4-5582-4e83-bec3-79233a6148e4', '22222222-0000-0000-0000-000000000005',
   '2026-02-17', 1350.0,
   'paid', false, 'direct_sale',
   false, true),
  ('b0429181-227c-4997-a11d-b43037ada507', '417f0a60-f27b-48e4-b992-788b82dbc9b6', '22222222-0000-0000-0000-000000000005',
   '2026-03-08', 1350.0,
   'paid', false, 'direct_sale',
   false, true),
  ('adc1ccad-90ac-4b3b-abe1-4bc26006b231', '7f7dd968-52f2-488b-930e-692e44ed1c0a', '22222222-0000-0000-0000-000000000005',
   '2026-03-18', 1350.0,
   'paid', false, 'direct_sale',
   false, true),
  ('108c9551-2ac9-4d76-9ce6-839f01cc4d3f', '63cd01ec-4ed8-431d-9ad7-9963734c44aa', '22222222-0000-0000-0000-000000000006',
   '2026-03-24', 1350.0,
   'paid', false, 'direct_sale',
   false, true),
  ('2609060b-ad17-4091-9a23-b7e0ea37de70', 'c997e2c1-a805-4b8e-85f3-04f0bdc066c2', '22222222-0000-0000-0000-000000000008',
   '2026-03-05', 1280.0,
   'paid', false, 'direct_sale',
   false, true),
  ('9ddfd73b-0e1b-4e29-84d7-08964901e593', '04f341b3-2367-414a-9a72-a6f267900c0d', '22222222-0000-0000-0000-000000000009',
   '2026-03-05', 2700.0,
   'paid', false, 'direct_sale',
   false, true),
  ('2086be4e-54b5-476b-bcf5-8f5f7f344f58', 'bec27ce3-6746-4d87-afd8-bb6252b0478d', '22222222-0000-0000-0000-000000000004',
   '2025-01-01', 1500.0,
   'paid', false, 'direct_sale',
   true, true),
  ('03fd8c8e-5a4f-424f-9258-670322ce4c1e', 'ab019af0-4d60-4bb1-b135-af54a327b4df', '22222222-0000-0000-0000-000000000003',
   '2025-01-01', 1500.0,
   'paid', false, 'direct_sale',
   true, true),
  ('fb24470b-dce9-4d51-88a4-b308da1f3318', '648c28ef-84c4-4936-88d0-d714f97284df', '22222222-0000-0000-0000-000000000004',
   '2025-01-01', 1500.0,
   'paid', false, 'direct_sale',
   true, true),
  ('095ee65b-80a8-45a7-84a0-3a5939de2788', 'c1cbd6e2-7dee-4625-92f6-9cfb1dcd2086', '22222222-0000-0000-0000-000000000004',
   '2025-01-01', 1500.0,
   'paid', false, 'direct_sale',
   true, true),
  ('10790784-1d1c-40a1-bf2e-adeac7682e99', '47ea717a-df63-45d6-bc34-4ab485e6073e', '22222222-0000-0000-0000-000000000003',
   '2025-01-01', 1500.0,
   'paid', false, 'direct_sale',
   true, true),
  ('fa1933cb-f739-4867-9d7d-0f4ea80eb3a1', 'acb9baad-79d9-4483-89e2-e92adeb98db4', '22222222-0000-0000-0000-000000000004',
   '2025-01-01', 1500.0,
   'paid', false, 'direct_sale',
   true, true),
  ('a3ef9195-12af-4498-986b-cb6521be6fa4', 'da9e84dd-0bf2-4f81-a3b5-8f098da3285c', '22222222-0000-0000-0000-000000000003',
   '2025-01-01', 1500.0,
   'paid', false, 'direct_sale',
   true, true),
  ('d4b2e020-312e-4a3d-b49d-7b74e8aee286', 'd93ab1f8-f12d-4e61-9246-bbd35c22351d', '22222222-0000-0000-0000-000000000004',
   '2025-01-01', 1500.0,
   'paid', false, 'direct_sale',
   true, true),
  ('574ff739-910d-41e9-915b-26b85d81dfef', 'd36f2307-8c40-49fc-8731-62af69c2c0a4', '22222222-0000-0000-0000-000000000007',
   '2025-01-01', 1350.0,
   'paid', false, 'direct_sale',
   true, true),
  ('599e6f39-5a6e-45a3-aec3-ff068be9f7d7', 'd945eeb3-3b03-4d5e-ae4a-83f16274d14d', '22222222-0000-0000-0000-000000000003',
   '2025-01-01', 1500.0,
   'paid', false, 'direct_sale',
   true, true),
  ('dc82255b-c542-4c8b-97e0-32fb405a7bfe', 'e024b6fa-d182-4cfa-8a39-96419a559b30', '22222222-0000-0000-0000-000000000003',
   '2025-01-01', 1500.0,
   'paid', false, 'direct_sale',
   true, true),
  ('8f176f95-bbed-40ef-afe6-88259a184eea', 'f8cfe53d-62c2-4b7b-9723-4f59e5e7873c', '22222222-0000-0000-0000-000000000004',
   '2025-01-01', 1500.0,
   'paid', false, 'direct_sale',
   true, true),
  ('972a9229-2281-40d4-be32-152aa7cfbf76', '7b6bdce2-7c3e-4efd-8ca8-7177feff0316', '22222222-0000-0000-0000-000000000004',
   '2025-01-01', 1500.0,
   'paid', false, 'direct_sale',
   true, true),
  ('5c9564ee-f5b0-42b2-bb44-5418708fcb63', '3582cf03-f40b-4d39-a1d1-174dccf652c6', '22222222-0000-0000-0000-000000000004',
   '2025-01-01', 21600.0,
   'paid', true, 'direct_sale',
   true, true),
  ('1bbe6a20-77e1-474f-bda4-6da85da448bc', '3bdc4150-b746-4903-8234-8bb76c6d4472', '22222222-0000-0000-0000-000000000003',
   '2025-01-01', 1500.0,
   'paid', false, 'direct_sale',
   true, true),
  ('feb2544c-c9f7-42a2-b4a1-57d8c880bec2', '057f73b7-1003-4258-809a-7119f5fa9fdc', '22222222-0000-0000-0000-000000000005',
   '2025-01-01', 1350.0,
   'paid', false, 'direct_sale',
   true, true),
  ('30964b8a-3835-4412-be00-1b0d9c2ae0e5', '057f73b7-1003-4258-809a-7119f5fa9fdc', '22222222-0000-0000-0000-000000000002',
   '2025-01-01', 4050.0,
   'paid', false, 'direct_sale',
   true, true),
  ('33857ca4-a9c7-430d-9cce-fc186664ad95', 'a5b60fe8-054c-4288-8c78-573310f7c8d0', '22222222-0000-0000-0000-000000000003',
   '2025-01-01', 1500.0,
   'paid', false, 'direct_sale',
   true, true),
  ('5828e6f4-69f0-481b-984a-9b426fc797b6', '0fc0d308-64cb-47d5-be29-65ec31e9bf17', '22222222-0000-0000-0000-000000000005',
   '2025-01-01', 1350.0,
   'paid', false, 'direct_sale',
   true, true),
  ('1507c1ae-5459-4385-b49f-bf53076f9f61', 'd7fefed5-cb5a-4a3d-bb01-4969a858ede3', '22222222-0000-0000-0000-000000000003',
   '2025-01-01', 1500.0,
   'paid', false, 'direct_sale',
   true, true),
  ('ea2300c1-7987-4a02-b40e-7b80eea7a4ea', 'b1bd2802-daa6-4461-b7b3-1f303556687b', '22222222-0000-0000-0000-000000000001',
   '2025-01-01', 3000.0,
   'paid', false, 'direct_sale',
   true, true),
  ('98d7dfa7-7bbc-40d5-8439-a2f8d8a2e1e1', '3e1bc2b9-7009-4030-bee8-1a5defbcc5ce', '22222222-0000-0000-0000-000000000001',
   '2025-01-01', 3000.0,
   'paid', false, 'direct_sale',
   true, true),
  ('f380509b-4d46-46b9-b775-89a22419f9a4', '3f69c131-6da5-446d-b528-0cf46a636379', '22222222-0000-0000-0000-000000000001',
   '2025-01-01', 3000.0,
   'paid', false, 'direct_sale',
   true, true),
  ('dfdadaec-b4f8-4033-864e-c9230a964833', '3f69c131-6da5-446d-b528-0cf46a636379', '22222222-0000-0000-0000-000000000004',
   '2025-01-01', 1500.0,
   'paid', false, 'direct_sale',
   true, true),
  ('52e6c6ab-780c-4c7b-a502-e79ef301aa20', '071198e6-ca05-4394-b182-777deb1b0e88', '22222222-0000-0000-0000-000000000001',
   '2025-01-01', 3000.0,
   'paid', false, 'direct_sale',
   true, true),
  ('34044d85-f2f6-4174-856e-290505afe3b6', 'f1a27b75-d948-48d3-bd50-1988caa0e5e2', '22222222-0000-0000-0000-000000000001',
   '2025-01-01', 3000.0,
   'paid', false, 'direct_sale',
   true, true),
  ('307379c5-7494-4a50-a412-856f8030c2d9', '69e0fff3-2663-4fcb-902d-814210b9b486', '22222222-0000-0000-0000-000000000001',
   '2025-01-01', 3000.0,
   'paid', false, 'direct_sale',
   true, true),
  ('3c5e3e19-a34f-475b-8361-82bbc528d8ae', '9b0d1f79-dbdd-43ce-856f-fc6c269df7f0', '22222222-0000-0000-0000-000000000001',
   '2025-01-01', 3000.0,
   'paid', false, 'direct_sale',
   true, true),
  ('5eeddfa7-7a25-4cb6-8071-f814d772e6b8', '1cd5d92d-babd-411d-906e-f29c76e9f209', '22222222-0000-0000-0000-000000000001',
   '2025-01-01', 3000.0,
   'paid', false, 'direct_sale',
   true, true),
  ('4506402f-0756-4fe8-93e9-e060bd61e4bb', '84d4d119-45f2-4ed5-a6a7-0aa8349abddb', '22222222-0000-0000-0000-000000000001',
   '2025-01-01', 3000.0,
   'paid', false, 'direct_sale',
   true, true),
  ('48564088-ceb5-4090-b1f6-bd7bbd6e14f0', '704bd51f-fc13-412e-9ca5-688da2eb3c0b', '22222222-0000-0000-0000-000000000001',
   '2025-01-01', 3000.0,
   'paid', false, 'direct_sale',
   true, true),
  ('3f3899c2-9d0c-49c4-aa16-34dc65b85bdf', '37f7fc61-2b3a-481e-ae32-a0326a5cd43b', '22222222-0000-0000-0000-000000000001',
   '2025-01-01', 3000.0,
   'paid', false, 'direct_sale',
   true, true),
  ('66586685-9908-4282-9d85-a50bfdfee162', 'eb45f9c0-01a5-4012-94ac-40da95b2fa8c', '22222222-0000-0000-0000-000000000001',
   '2025-01-01', 3000.0,
   'paid', false, 'direct_sale',
   true, true),
  ('31d0be47-bda8-40f3-809d-9dc1fdaebd2c', 'ee9653cc-6b4a-4472-a30f-ad841a3f58e9', '22222222-0000-0000-0000-000000000001',
   '2025-01-01', 3000.0,
   'paid', false, 'direct_sale',
   true, true),
  ('fd3ec6f9-7ea9-4725-b749-fa014975a869', 'bd00e395-6da9-4c3f-8116-d72180879c28', '22222222-0000-0000-0000-000000000003',
   '2025-01-01', 1500.0,
   'paid', false, 'direct_sale',
   true, true),
  ('81499245-600d-4e2a-9e16-e1a55ef688a3', '3b1a5ae9-f1f6-4026-a761-68d19acc833b', '22222222-0000-0000-0000-000000000001',
   '2025-01-01', 3000.0,
   'paid', false, 'direct_sale',
   true, true),
  ('af9f921f-f3e2-46c1-8bed-37fe5e0a18bd', '63f4e620-8e82-4bd3-bd19-79d365ed2c5b', '22222222-0000-0000-0000-000000000001',
   '2025-01-01', 3000.0,
   'paid', false, 'direct_sale',
   true, true),
  ('7327a4f2-24c7-4a89-8777-93a7c16a0a3d', '07cbfb10-d01e-4987-a475-b0c52ae7d472', '22222222-0000-0000-0000-000000000001',
   '2025-01-01', 3000.0,
   'paid', false, 'direct_sale',
   true, true),
  ('cb42bb26-3a56-4c9f-a123-7edf41076f5b', '0e4a3817-ba44-4a10-befc-fd30dacd1978', '22222222-0000-0000-0000-000000000004',
   '2025-01-01', 1500.0,
   'paid', false, 'direct_sale',
   true, true),
  ('49943429-0767-413e-8822-01ec6750b4ae', '1cde95e9-c21a-45e6-b403-04069ef3aa61', '22222222-0000-0000-0000-000000000003',
   '2025-01-01', 1500.0,
   'paid', false, 'direct_sale',
   true, true),
  ('aca1c098-fa67-4588-a659-904224c4b4c9', '09128f83-a82c-4c08-bd88-dd5a7d67e2f4', '22222222-0000-0000-0000-000000000001',
   '2025-01-01', 3000.0,
   'paid', false, 'direct_sale',
   true, true),
  ('8e9a5c6c-a450-4d18-8cdb-de0fa2104fca', '84b6d539-18d7-463f-bb6f-aded734cb346', '22222222-0000-0000-0000-000000000001',
   '2025-01-01', 3000.0,
   'paid', false, 'direct_sale',
   true, true),
  ('7bb2b6ed-4726-481c-9a4f-b79fe24df2ca', 'b1187f41-56d4-496f-b76a-e708b09f4da1', '22222222-0000-0000-0000-000000000001',
   '2025-01-01', 3000.0,
   'paid', false, 'direct_sale',
   true, true),
  ('127ddc73-7956-4b9a-809d-07a794bedf6c', 'ffb39883-2214-43e5-9a52-b29580f2b3c9', '22222222-0000-0000-0000-000000000001',
   '2025-01-01', 3000.0,
   'paid', false, 'direct_sale',
   true, true),
  ('fd2e325f-e3fd-4d74-a371-64ce12d0141e', 'df64b9e1-ce39-48e9-81c9-f1d2f41a94ff', '22222222-0000-0000-0000-000000000001',
   '2025-01-01', 3000.0,
   'paid', false, 'direct_sale',
   true, true),
  ('4267cdd5-7d6b-4e02-8a46-ea81d6d709c5', 'a282aa90-a3a1-435c-9cc6-6db8df8bcfaa', '22222222-0000-0000-0000-000000000001',
   '2025-01-01', 3000.0,
   'paid', false, 'direct_sale',
   true, true),
  ('f7a6cf4a-775a-409f-9c91-bcb581d364fb', '81efb2ed-49b8-4845-8a28-fa25a5d5e5ec', '22222222-0000-0000-0000-000000000001',
   '2025-01-01', 3000.0,
   'paid', false, 'direct_sale',
   true, true),
  ('00fc3483-fa6a-4892-bf66-9f0e255a36c6', 'd3ab2fd9-a5bd-4284-b30a-09ef9843f250', '22222222-0000-0000-0000-000000000001',
   '2025-01-01', 3000.0,
   'paid', false, 'direct_sale',
   true, true),
  ('dc78fb96-f33d-4b72-a047-690a2e4757c7', '9f444e43-f118-4c23-9e0c-d77d78694860', '22222222-0000-0000-0000-000000000005',
   '2025-01-01', 1350.0,
   'paid', false, 'direct_sale',
   true, true),
  ('a21464f4-a71e-4e85-bd9d-a83aa70d8468', '4586efb5-784c-4e53-bfb2-b1d5430e23aa', '22222222-0000-0000-0000-000000000001',
   '2025-01-01', 3000.0,
   'paid', false, 'direct_sale',
   true, true),
  ('33b19856-7af0-40c2-aa80-bba7a2cb06eb', '24ea55cb-1b70-4105-9e6a-e9b670246e31', '22222222-0000-0000-0000-000000000001',
   '2025-01-01', 3000.0,
   'paid', false, 'direct_sale',
   true, true),
  ('923ecc27-2c19-4d3a-a9b9-0b13505b42cf', '836fbbc4-53a0-410a-8600-6df3f3834553', '22222222-0000-0000-0000-000000000001',
   '2025-01-01', 3000.0,
   'paid', false, 'direct_sale',
   true, true),
  ('cc07520f-a284-48b7-95b4-f8680ea2e523', '95fe06b4-553a-4138-9390-11f2ab911dc2', '22222222-0000-0000-0000-000000000001',
   '2025-01-01', 3000.0,
   'paid', false, 'direct_sale',
   true, true),
  ('aa67a5b1-2dbf-494b-9394-f30af1aee38a', 'ba98c46e-6932-410f-8302-77dff204761c', '22222222-0000-0000-0000-000000000001',
   '2025-01-01', 3000.0,
   'paid', false, 'direct_sale',
   true, true),
  ('36184b06-97b4-48b5-a9a5-78b613ca0eb6', 'fa0bbcd3-8ec2-4bf4-9b89-203a786acf39', '22222222-0000-0000-0000-000000000001',
   '2025-01-01', 3000.0,
   'paid', false, 'direct_sale',
   true, true),
  ('a61938ed-d0c7-45b4-abd0-a619739cd859', 'c50031a7-37b9-4d7d-a289-48b57327674f', '22222222-0000-0000-0000-000000000001',
   '2025-01-01', 3000.0,
   'paid', false, 'direct_sale',
   true, true),
  ('ca7d0a0c-32bf-48ba-8b84-8cd8fd36dc8b', 'dd8666fb-6f88-4558-8927-556e91038120', '22222222-0000-0000-0000-000000000001',
   '2025-01-01', 3000.0,
   'paid', false, 'direct_sale',
   true, true),
  ('753bcc4e-e9d1-4a94-8aac-d21c880dc6f3', '94381777-cdde-4ab3-94f2-24bf32959280', '22222222-0000-0000-0000-000000000004',
   '2025-01-01', 1500.0,
   'paid', false, 'direct_sale',
   true, true),
  ('ccaa8792-759a-4a9b-adc3-a6ae8e40e032', '94435b9b-f618-4c83-951a-d9ead700254c', '22222222-0000-0000-0000-000000000002',
   '2025-01-01', 4050.0,
   'paid', false, 'direct_sale',
   true, true),
  ('8707eedc-841f-41e9-9be1-fd3ef3aa94ba', '5476a18e-dada-4c45-bbdf-26b8c394be9f', '22222222-0000-0000-0000-000000000003',
   '2025-01-01', 20000.0,
   'paid', true, 'direct_sale',
   true, true),
  ('68338574-f77d-4d43-a3ac-b8b16da519e1', 'd2a458ec-ded2-475a-bee9-f061936e138e', '22222222-0000-0000-0000-000000000003',
   '2025-01-01', 1500.0,
   'paid', false, 'direct_sale',
   true, true),
  ('ab573c48-453a-48d0-b0fe-019101cd0220', '698e2214-4719-4631-94c5-b2643c06dfa2', '22222222-0000-0000-0000-000000000001',
   '2025-01-01', 3000.0,
   'paid', false, 'direct_sale',
   true, true),
  ('699209f4-8e86-458e-952a-dcaebf3c1b14', '802fb793-0552-46c7-91de-b77f5910f290', '22222222-0000-0000-0000-000000000001',
   '2025-01-01', 3000.0,
   'paid', false, 'direct_sale',
   true, true),
  ('eddf8227-bb8f-473f-a6e7-a6a55f6418f7', '3545bc98-c368-4ba4-bdeb-a7bc908df47f', '22222222-0000-0000-0000-000000000001',
   '2025-01-01', 3000.0,
   'paid', false, 'direct_sale',
   true, true),
  ('c16e4008-07ad-42b2-8fb1-5f23af80e7c8', 'bec27ce3-6746-4d87-afd8-bb6252b0478d', '22222222-0000-0000-0000-000000000003',
   '2025-01-01', 1500.0,
   'paid', false, 'direct_sale',
   true, true),
  ('a1fb5cbd-f15c-494e-a2aa-bf67b2cff1b8', '877a70d7-a7d6-46d9-a37b-280d973e189f', '22222222-0000-0000-0000-000000000002',
   '2025-01-01', 4050.0,
   'paid', false, 'direct_sale',
   true, true),
  ('ca173719-8ac3-4da4-a2b2-a2411ebe6467', '04c8f369-98c4-4d97-a9b2-29b431d5c662', '22222222-0000-0000-0000-000000000002',
   '2025-01-01', 20000.0,
   'paid', false, 'direct_sale',
   true, true),
  ('d992e8d0-ca73-4d50-86ba-e4d25dd84dbb', 'ef907a8e-2476-4175-9992-80dbbd69ab5d', '22222222-0000-0000-0000-000000000003',
   '2025-01-01', 1500.0,
   'paid', false, 'direct_sale',
   true, true),
  ('7f69148c-8291-4e34-bc4f-12c942c2b12f', '3449bdbd-915e-4dda-8d36-66ec14a229b4', '22222222-0000-0000-0000-000000000001',
   '2025-01-01', 3000.0,
   'paid', false, 'direct_sale',
   true, true),
  ('01363a25-205a-46fb-95ae-a1b3536d5e33', 'c5b9f914-aba3-4f8a-9cf2-3623bb1def45', '22222222-0000-0000-0000-000000000001',
   '2025-01-01', 3000.0,
   'paid', false, 'direct_sale',
   true, true),
  ('78e4b187-d106-424a-9d4a-e5c597def1b3', '1ad7e30f-5371-447f-9977-20963796d80d', '22222222-0000-0000-0000-000000000001',
   '2025-01-01', 3000.0,
   'paid', false, 'direct_sale',
   true, true),
  ('498dae23-f3d7-46b5-a21d-12e240de3111', '1ad7e30f-5371-447f-9977-20963796d80d', '22222222-0000-0000-0000-000000000004',
   '2025-01-01', 1500.0,
   'paid', false, 'direct_sale',
   true, false),
  ('0193e5cf-dd13-4eba-9921-e8132b0f8676', '1ad7e30f-5371-447f-9977-20963796d80d', '22222222-0000-0000-0000-000000000002',
   '2025-01-01', 4050.0,
   'paid', false, 'direct_sale',
   true, true),
  ('e26da139-a130-433e-a822-0fd34bed476c', '1ad7e30f-5371-447f-9977-20963796d80d', '22222222-0000-0000-0000-000000000005',
   '2025-01-01', 1350.0,
   'paid', false, 'direct_sale',
   true, true),
  ('a9c602aa-1bfa-4ccc-bfa7-0edf7bc53797', '59aaef65-c453-423d-bcac-b471226f3e09', '22222222-0000-0000-0000-000000000001',
   '2025-01-01', 3000.0,
   'paid', false, 'direct_sale',
   true, true),
  ('4fefabfa-e629-49d4-a50f-e3219870ea41', 'cb1fc662-9038-4ced-ab98-64df2856be60', '22222222-0000-0000-0000-000000000002',
   '2025-01-01', 4050.0,
   'paid', false, 'direct_sale',
   true, true),
  ('c6cdafc3-619c-4860-a091-5252a453dc91', '16fa76e8-4e71-48ee-8a77-a9f66492086d', '22222222-0000-0000-0000-000000000003',
   '2025-01-01', 1500.0,
   'paid', false, 'direct_sale',
   true, true),
  ('3a8eeee9-97d4-4d63-a0a6-223e2f35152d', 'a688aabb-392a-4576-ba45-d55bbb36241d', '22222222-0000-0000-0000-000000000005',
   '2025-01-01', 1350.0,
   'paid', false, 'direct_sale',
   true, true),
  ('c810dc1b-7b0c-4499-85c3-ab0d750f56c5', 'e3434b2f-9b69-44a9-9548-8b60b72be8ad', '22222222-0000-0000-0000-000000000003',
   '2025-01-01', 1500.0,
   'paid', false, 'direct_sale',
   false, false),
  ('8988b2c1-72b6-44ca-8a43-6c194a7313f2', '327927a7-511c-44c8-9ed9-e5f1275d55bf', '22222222-0000-0000-0000-000000000004',
   '2025-01-01', 1500.0,
   'paid', false, 'direct_sale',
   false, false),
  ('0942c114-5610-4d74-816d-b7c7867048f6', 'f4f00c4e-38ee-4bd4-81c3-940b479fc314', '22222222-0000-0000-0000-000000000004',
   '2025-10-15', 1500.0,
   'paid', false, 'election_case',
   false, true),
  ('42a80eae-7a7f-43ab-991d-24db26312ece', '5761f883-5eef-4db5-a7f9-b1d96c532238', '22222222-0000-0000-0000-000000000002',
   '2025-10-15', 4050.0,
   'paid', false, 'election_case',
   false, true),
  ('89d8c1ab-2eba-466d-955c-eff498cc007f', '72ecd776-bfb8-4ccb-ada6-17e47b57b0d4', '22222222-0000-0000-0000-000000000002',
   '2025-10-15', 4050.0,
   'paid', false, 'election_case',
   false, true),
  ('97abad30-81fa-40f3-a9a6-f2be0b6f7df4', '7e4f2999-b396-49fa-965c-79bd0cc8c635', '22222222-0000-0000-0000-000000000004',
   '2025-10-15', 1500.0,
   'paid', false, 'election_case',
   false, true),
  ('e1c41103-cf20-4ce8-9aac-ce7b22240640', 'd83021a8-2c78-4bba-878e-3a3471b60957', '22222222-0000-0000-0000-000000000003',
   '2025-10-15', 1500.0,
   'paid', false, 'election_case',
   false, true),
  ('9a8ef33e-9e73-48f3-9c40-6c698c28521a', '3a177668-58e5-4edc-8444-6f0fb5fbee4d', '22222222-0000-0000-0000-000000000001',
   '2025-10-15', 3000.0,
   'paid', false, 'election_case',
   false, true),
  ('313a96bc-d2d5-47f9-984d-0c52b1fef5dd', 'cebbf88c-0849-4191-a3f4-87cc3c56a424', '22222222-0000-0000-0000-000000000001',
   '2025-10-15', 3000.0,
   'paid', false, 'election_case',
   false, true),
  ('e92ba2fb-86e2-4a69-af51-42a41d8f0893', 'b0e5715e-7aa3-4b91-a0f9-d5596dab5b59', '22222222-0000-0000-0000-000000000003',
   '2025-10-15', 1500.0,
   'paid', false, 'election_case',
   false, true),
  ('75ae7d98-95b6-4cfb-bd8d-99b58b1b0e5b', 'b5b9b4a0-69b3-47e4-b1eb-7603195ef024', '22222222-0000-0000-0000-000000000002',
   '2025-10-15', 4050.0,
   'paid', false, 'election_case',
   false, true),
  ('16ed3fd7-ce46-4c76-9f21-d2393558609b', '21caca82-8cda-42c7-993e-708f3a0ea826', '22222222-0000-0000-0000-000000000001',
   '2025-10-15', 3000.0,
   'paid', false, 'election_case',
   false, true),
  ('648cece3-1c4b-44b2-96f7-a3c99c1381b0', 'e34d4b1b-9105-4940-a53a-e09cda8c74da', '22222222-0000-0000-0000-000000000001',
   '2025-10-15', 3000.0,
   'paid', false, 'election_case',
   false, true),
  ('7b7d59bc-e3ee-432b-a2d1-044dcf3ab17c', '6f0358be-6d53-4607-9ebb-414f543797b1', '22222222-0000-0000-0000-000000000001',
   '2025-10-15', 3000.0,
   'paid', false, 'election_case',
   false, true),
  ('e9e2ef07-4c11-4b16-8c91-28556c14a56f', '43d7b6bc-795b-43ff-ac61-52e00d891290', '22222222-0000-0000-0000-000000000002',
   '2025-10-15', 3000.0,
   'paid', false, 'election_case',
   false, true),
  ('fb75d180-73f5-48fd-b122-35404cb77166', '3e9779ae-9856-44b8-a165-9bc549c9e8a9', '22222222-0000-0000-0000-000000000002',
   '2025-10-15', 4050.0,
   'paid', false, 'election_case',
   false, true),
  ('25cd2b3e-4501-408f-ab3b-1d0dcad06bbd', 'a62222a1-61cf-4016-abca-fe5fc7804e34', '22222222-0000-0000-0000-000000000001',
   '2025-10-15', 3000.0,
   'paid', false, 'election_case',
   false, true),
  ('d79bc0ed-4022-437d-a7e7-879fe72a2b46', '2df7891b-58b8-4546-b047-6a22de5732d5', '22222222-0000-0000-0000-000000000002',
   '2025-10-15', 4050.0,
   'paid', false, 'election_case',
   false, true),
  ('1c02c2d2-5e23-4933-963e-fe85e0fdd0d4', '7a08f8c7-963c-4804-8ee5-8288cafb72b8', '22222222-0000-0000-0000-000000000003',
   '2025-10-15', 1500.0,
   'paid', false, 'election_case',
   false, true),
  ('b46427aa-4e89-4c28-9d40-46d020e9710d', 'ec962599-577e-4b7c-8b73-5f74b955c2dd', '22222222-0000-0000-0000-000000000003',
   '2025-10-15', 1500.0,
   'paid', false, 'election_case',
   false, true),
  ('ca85c1cd-9e44-431f-8cf2-5f04ed6e7014', '9b0d0355-bf97-4ef4-956d-feb06e74385c', '22222222-0000-0000-0000-000000000002',
   '2025-10-15', 4050.0,
   'paid', false, 'election_case',
   false, true),
  ('c0a41a7c-0bae-4861-84ad-c47fb661a7a6', 'd74b951e-e823-43fc-9abf-1ab1131ddfb8', '22222222-0000-0000-0000-000000000001',
   '2025-10-15', 3000.0,
   'paid', false, 'election_case',
   false, true),
  ('a6f70ae2-4307-4d84-99e9-c4e12c59d342', 'd6672e94-1b1e-419f-9a53-3ec19a8ea192', '22222222-0000-0000-0000-000000000001',
   '2025-10-15', 3000.0,
   'paid', false, 'election_case',
   false, true),
  ('7f814d2c-2929-426f-a1bf-d25718716095', '702ee7c0-2c34-45cb-a20d-3da7c24da904', '22222222-0000-0000-0000-000000000001',
   '2025-10-15', 3000.0,
   'paid', false, 'election_case',
   false, true),
  ('1a27f041-67db-42fe-bacb-954bfcad64db', '22f6b1d4-3bdf-4a2b-b7eb-c840c0f2c4b4', '22222222-0000-0000-0000-000000000003',
   '2025-10-15', 1500.0,
   'paid', false, 'election_case',
   false, true),
  ('9f9a29af-3f1f-4e09-a2bf-2e003999a30b', '090a7f88-4e92-4e3a-831a-4e5cccccfd87', '22222222-0000-0000-0000-000000000002',
   '2025-10-15', 4050.0,
   'paid', false, 'election_case',
   false, true),
  ('2f5b4171-4c8f-4273-a8f0-f26ace72e806', '056c5f2f-9e96-4ba1-9653-78ada3d60662', '22222222-0000-0000-0000-000000000004',
   '2025-10-15', 1500.0,
   'paid', false, 'election_case',
   false, true),
  ('d056f538-9e0a-443d-8888-4a96e6cfc8ce', 'a5fae969-72f8-45d0-85e7-60dff8a70b4c', '22222222-0000-0000-0000-000000000001',
   '2025-10-15', 3000.0,
   'paid', false, 'election_case',
   false, true),
  ('501486ab-9ce9-4f24-91ea-8da8362ade78', 'd27181ab-0070-411c-9e06-ac039c3a5090', '22222222-0000-0000-0000-000000000002',
   '2025-10-15', 4050.0,
   'paid', false, 'election_case',
   false, true),
  ('5cb94681-42c3-4a85-becb-5df31d81ead2', 'c31d1915-2f1b-49bb-ae2e-b82116c0c780', '22222222-0000-0000-0000-000000000004',
   '2025-10-15', 1500.0,
   'paid', false, 'election_case',
   false, true),
  ('101e441f-8e94-491d-99f8-3c84967372f9', 'c31d1915-2f1b-49bb-ae2e-b82116c0c780', '22222222-0000-0000-0000-000000000003',
   '2025-10-15', 1500.0,
   'paid', false, 'election_case',
   false, true),
  ('70115ea5-0479-4358-b5cb-c0d0a46630ce', '056c5f2f-9e96-4ba1-9653-78ada3d60662', '22222222-0000-0000-0000-000000000003',
   '2025-10-15', 1500.0,
   'paid', false, 'election_case',
   false, true),
  ('53f9903f-f379-4d1a-baed-6150d04fe02b', 'e8bd66f0-b87b-4792-922a-541c3901ecbc', '22222222-0000-0000-0000-000000000001',
   '2025-10-15', 3000.0,
   'paid', false, 'election_case',
   false, true),
  ('9daf51bb-98ec-401b-9c60-61b954d81308', '60c9ccab-8a7e-4d5f-b765-8a3232542331', '22222222-0000-0000-0000-000000000004',
   '2025-10-15', 1500.0,
   'paid', false, 'election_case',
   false, true),
  ('4bce16ca-85ec-47fe-8ba6-d8725e383dae', 'dba29e3f-d187-42b9-a48c-432dc3f659e1', '22222222-0000-0000-0000-000000000004',
   '2025-10-15', 1500.0,
   'paid', false, 'election_case',
   false, true),
  ('03a73a47-133c-4445-82f6-46be8c05e913', '9dce741c-6a01-4bdb-a40b-3d8d74333356', '22222222-0000-0000-0000-000000000004',
   '2025-10-15', 1500.0,
   'paid', false, 'election_case',
   false, true),
  ('96c02019-b3ef-4e8e-a4c1-5ae199401124', '6073e5fa-0f7c-4f8f-b227-0cc467fdf7dd', '22222222-0000-0000-0000-000000000004',
   '2025-10-15', 1500.0,
   'paid', false, 'election_case',
   false, true),
  ('99e94e90-0b80-4d6d-a363-a8d576cb5af2', '6404df5a-5172-493c-9e16-2258b43dd24d', '22222222-0000-0000-0000-000000000004',
   '2025-10-15', 1500.0,
   'paid', false, 'election_case',
   false, true),
  ('f1c33550-705b-4353-b9e2-af5fdee25c36', 'fb5bd006-94cd-475e-b697-953f96bb91ce', '22222222-0000-0000-0000-000000000004',
   '2025-10-15', 1500.0,
   'paid', false, 'election_case',
   false, true),
  ('3c2e1de7-4508-489d-bff3-a48f60b03484', '2ded64b3-e281-47a5-b521-4f5349e4c5a1', '22222222-0000-0000-0000-000000000004',
   '2025-10-15', 1500.0,
   'paid', false, 'election_case',
   false, true),
  ('f22a6ecf-3cd7-4445-a09b-36cd044b94e0', 'b9eebdc5-ea8d-41c0-84e6-a5e50594911a', '22222222-0000-0000-0000-000000000004',
   '2025-10-15', 1500.0,
   'paid', false, 'election_case',
   false, true),
  ('43227827-73e0-4ad0-89f9-45aef6717ea6', 'b5193eff-28d8-4b8c-abad-4bd468418f9c', '22222222-0000-0000-0000-000000000004',
   '2025-10-15', 1500.0,
   'paid', false, 'election_case',
   false, true),
  ('e804f7de-7ae8-4eba-87c8-68fc4144a5b6', '2c3e5c2e-4166-48b8-82da-eaa805710a9e', '22222222-0000-0000-0000-000000000004',
   '2025-10-15', 1500.0,
   'paid', false, 'election_case',
   false, true),
  ('00868b8e-0ac4-4856-b708-27109380ede2', '45244abc-72bc-4216-8c0d-4fc9000eb3b8', '22222222-0000-0000-0000-000000000004',
   '2025-10-15', 1500.0,
   'paid', false, 'election_case',
   false, true),
  ('a6fe6b07-b8e8-41fb-a651-2818b1941ecb', '13b5511d-5fc2-4836-97c3-b3a42f6ee43e', '22222222-0000-0000-0000-000000000004',
   '2025-10-15', 1500.0,
   'paid', false, 'election_case',
   false, true),
  ('b3289666-ceed-421e-9a28-e1682999bbea', 'c9ffad70-c344-4c56-b789-b69475a5ef7e', '22222222-0000-0000-0000-000000000001',
   '2025-10-15', 3000.0,
   'paid', false, 'election_case',
   false, true),
  ('d6232ca9-378a-448d-965e-12192ef9c1f2', '70dd1edf-c45e-406d-80b5-e013ce6f3e2b', '22222222-0000-0000-0000-000000000001',
   '2025-10-15', 3000.0,
   'paid', false, 'election_case',
   false, true)
ON CONFLICT (id) DO NOTHING;

-- ============================================================
-- CASES  (Election Cases)
-- ============================================================
INSERT INTO cases
  (id, title, status, priority, identified_date,
   font_id, buyer_id, party, constituency, usage_context,
   resolution_type, resolved_date, license_id)
VALUES
  ('b2adb12c-1606-497c-9965-808a740a49af', 'Shiuma Ibrahim Musthafa — FVM WDC Raees', 'converted', 'medium',
   '2025-10-05',
   '22222222-0000-0000-0000-000000000004', 'f4f00c4e-38ee-4bd4-81c3-940b479fc314',
   'PNC', 'FVM WDC Raees', 'campaign_material',
   'purchased', '2025-11-01', '0942c114-5610-4d74-816d-b7c7867048f6'),
  ('fbbe361e-e1ba-40e7-b564-190e22c1eb80', 'Majid Ahmed — FVM City Council', 'converted', 'medium',
   '2025-10-05',
   '22222222-0000-0000-0000-000000000002', '5761f883-5eef-4db5-a7f9-b1d96c532238',
   'PNC', 'FVM City Council', 'campaign_material',
   'purchased', '2025-11-01', '42a80eae-7a7f-43ab-991d-24db26312ece'),
  ('03a157d6-dada-470f-abdd-6fdffd2fd9fd', 'Maajidha Maaji — GDH Nadella', 'converted', 'medium',
   '2025-10-05',
   '22222222-0000-0000-0000-000000000002', '72ecd776-bfb8-4ccb-ada6-17e47b57b0d4',
   'MDP', 'GDH Nadella', 'campaign_material',
   'purchased', '2025-11-01', '89d8c1ab-2eba-466d-955c-eff498cc007f'),
  ('d72e0d48-5339-4eec-9c15-e9e357026723', 'Shameela Hilmly — GA Vilingili', 'converted', 'medium',
   '2025-10-05',
   '22222222-0000-0000-0000-000000000004', '7e4f2999-b396-49fa-965c-79bd0cc8c635',
   'PNC', 'GA Vilingili', 'campaign_material',
   'purchased', '2025-11-01', '97abad30-81fa-40f3-a9a6-f2be0b6f7df4'),
  ('5dff6a2f-ef7d-42c0-b1dd-cf7bca60bd96', 'Ali Razzan — HA Ihavandhoo', 'converted', 'medium',
   '2025-10-05',
   '22222222-0000-0000-0000-000000000003', 'd83021a8-2c78-4bba-878e-3a3471b60957',
   'PNC', 'HA Ihavandhoo', 'campaign_material',
   'purchased', '2025-11-01', 'e1c41103-cf20-4ce8-9aac-ce7b22240640'),
  ('11b7a70c-60bc-4d5d-bc26-6eff324cba57', 'Aminath Inaya — Funaadu - FVM City Council', 'identified', 'medium',
   '2025-10-05',
   '22222222-0000-0000-0000-000000000002', '18129b79-48af-4b81-897f-66e0d13e7951',
   'MDP', 'Funaadu - FVM City Council', 'campaign_material',
   NULL, NULL, NULL),
  ('037e9d17-7402-4a0a-889c-105b51d87696', 'Saajee — Naifaru WDC', 'identified', 'medium',
   '2025-10-05',
   '22222222-0000-0000-0000-000000000001', '53346d46-9193-421d-be90-bc1ecc19a949',
   'PNC', 'Naifaru WDC', 'campaign_material',
   NULL, NULL, NULL),
  ('282172dc-fc28-429d-9b01-c07b775f6b9c', 'Shafeena Ismail — Naifaru Council', 'identified', 'medium',
   '2025-10-05',
   '22222222-0000-0000-0000-000000000001', '6692de82-e730-467b-97b5-e17086ebad65',
   'PNC', 'Naifaru Council', 'campaign_material',
   NULL, NULL, NULL),
  ('49067017-a334-4917-897b-7b2f6646e570', 'Hamid Abdulla — Naifaru Council', 'identified', 'medium',
   '2025-10-05',
   '22222222-0000-0000-0000-000000000001', 'd50c87fb-83fb-4fa5-9a6d-dccb1783b0a6',
   'PNC', 'Naifaru Council', 'campaign_material',
   NULL, NULL, NULL),
  ('833ead51-0d80-4480-a455-184106a3d9d9', 'Aisha — Naifaru WDC', 'identified', 'medium',
   '2025-10-05',
   '22222222-0000-0000-0000-000000000001', '530c3065-6d72-427e-99af-f1c2b73c1791',
   'PNC', 'Naifaru WDC', 'campaign_material',
   NULL, NULL, NULL),
  ('aba99ce8-1592-43fc-9821-08b0a1ac9839', 'Abdulla Hasan — Naifaru Council', 'identified', 'medium',
   '2025-10-05',
   '22222222-0000-0000-0000-000000000001', 'b2b58d3e-e3b0-4707-bb0b-1a27c7fc5621',
   'PNC', 'Naifaru Council', 'campaign_material',
   NULL, NULL, NULL),
  ('a5028e43-21ea-434c-993d-9dd917969816', 'Hidhaya Moosa — GDH Madaveli', 'converted', 'medium',
   '2025-10-05',
   '22222222-0000-0000-0000-000000000001', '3a177668-58e5-4edc-8444-6f0fb5fbee4d',
   'PNC', 'GDH Madaveli', 'campaign_material',
   'purchased', '2025-11-01', '9a8ef33e-9e73-48f3-9c40-6c698c28521a'),
  ('e1eed562-f46c-4323-9b83-31a3cbb8e4d8', 'Ahumeema Ahmed — Thinadhoo Council', 'converted', 'medium',
   '2025-10-05',
   '22222222-0000-0000-0000-000000000001', 'cebbf88c-0849-4191-a3f4-87cc3c56a424',
   'MDP', 'Thinadhoo Council', 'campaign_material',
   'purchased', '2025-11-01', '313a96bc-d2d5-47f9-984d-0c52b1fef5dd'),
  ('fdb374e8-f3c1-44f7-b8c6-50500eb5a001', 'Ageel Mohamed — Maradhoo Feydhoo', 'identified', 'medium',
   '2025-10-05',
   '22222222-0000-0000-0000-000000000001', '0e5916ac-4644-487e-90aa-246c4f8006cb',
   'MDP', 'Maradhoo Feydhoo', 'campaign_material',
   NULL, NULL, NULL),
  ('711ae98b-7046-478b-9095-543c9af7d606', 'Aishath Sheenaaz — Maradhoo Feydhoo', 'identified', 'medium',
   '2025-10-05',
   '22222222-0000-0000-0000-000000000001', 'a4e75ab4-f4a9-4e27-a93c-f883a0a166f1',
   'MDP', 'Maradhoo Feydhoo', 'campaign_material',
   NULL, NULL, NULL),
  ('dda3d097-ffed-4215-b17a-e17353733257', 'Saarath Nasir — GA Maamemndhoo', 'identified', 'medium',
   '2025-10-05',
   '22222222-0000-0000-0000-000000000004', '60305e14-1710-45ad-be0f-4f217387e31a',
   'PNC', 'GA Maamemndhoo', 'campaign_material',
   NULL, NULL, NULL),
  ('344c132d-0d9d-44dc-9254-eb3688de1e56', 'Sharuvaan — GD Gaddhoo', 'identified', 'medium',
   '2025-10-05',
   '22222222-0000-0000-0000-000000000001', '4a26ebb6-eee8-484f-8d18-feb8127c1853',
   'PNC', 'GD Gaddhoo', 'campaign_material',
   NULL, NULL, NULL),
  ('12f46ff1-235c-45b5-817c-82e9f1401d73', 'Aminath Irasha (Fero) — Galolhu Uthur', 'converted', 'medium',
   '2025-10-05',
   '22222222-0000-0000-0000-000000000003', 'b0e5715e-7aa3-4b91-a0f9-d5596dab5b59',
   'MDP', 'Galolhu Uthur', 'campaign_material',
   'purchased', '2025-11-01', 'e92ba2fb-86e2-4a69-af51-42a41d8f0893'),
  ('32241d2d-dea9-4882-8b28-dd4c11bd2ac6', 'Ismail Saeed (Isse) — Feydhoo Dhekunu', 'converted', 'medium',
   '2025-10-05',
   '22222222-0000-0000-0000-000000000002', 'b5b9b4a0-69b3-47e4-b1eb-7603195ef024',
   'MDP', 'Feydhoo Dhekunu', 'campaign_material',
   'purchased', '2025-11-01', '75ae7d98-95b6-4cfb-bd8d-99b58b1b0e5b'),
  ('090eb2d3-3906-4772-a91a-a362d432a552', 'Ali Maseeh — FVM Mayor', 'converted', 'medium',
   '2025-10-05',
   '22222222-0000-0000-0000-000000000001', '21caca82-8cda-42c7-993e-708f3a0ea826',
   'PNC', 'FVM Mayor', 'campaign_material',
   'purchased', '2025-11-01', '16ed3fd7-ce46-4c76-9f21-d2393558609b'),
  ('0d71086b-4730-431f-8f5d-46839f5d2117', 'Mohamed Shiyaz — L Hithadhoo', 'identified', 'medium',
   '2025-10-05',
   '22222222-0000-0000-0000-000000000002', '80c76799-7cb7-4ccf-8b4e-ad49859a5270',
   'MDP', 'L Hithadhoo', 'campaign_material',
   NULL, NULL, NULL),
  ('23037d24-1fd0-4be7-b940-8a3c356c7ca8', 'Zaya Fathimath — Hulhumale Dhekunu', 'identified', 'medium',
   '2025-10-05',
   '22222222-0000-0000-0000-000000000002', 'c9936de9-ff8e-4ba9-a503-69620402b655',
   'MDP', 'Hulhumale Dhekunu', 'campaign_material',
   NULL, NULL, NULL),
  ('c1936771-45da-42f1-a7a5-d8eb8a9cfa81', 'Sulthana Adam — Hirilandhoo', 'converted', 'medium',
   '2025-10-05',
   '22222222-0000-0000-0000-000000000001', 'e34d4b1b-9105-4940-a53a-e09cda8c74da',
   'IND', 'Hirilandhoo', 'campaign_material',
   'purchased', '2025-11-01', '648cece3-1c4b-44b2-96f7-a3c99c1381b0'),
  ('b3592606-853f-48bd-a286-5014e12b2b43', 'Ali Afrah — Innamaadhoo', 'converted', 'medium',
   '2025-10-05',
   '22222222-0000-0000-0000-000000000001', '6f0358be-6d53-4607-9ebb-414f543797b1',
   'IND', 'Innamaadhoo', 'campaign_material',
   'purchased', '2025-11-01', '7b7d59bc-e3ee-432b-a2d1-044dcf3ab17c'),
  ('68bf525f-a15f-4ad4-a936-a23862cee5b2', 'Ali Ahmed — F Nilandhoo', 'identified', 'medium',
   '2025-10-05',
   '22222222-0000-0000-0000-000000000001', '8d831ae9-936b-40db-8dc2-44fdb385cd2b',
   'PNC', 'F Nilandhoo', 'campaign_material',
   NULL, NULL, NULL),
  ('37fcf41c-8a7e-40c6-8d44-69afdf22ff75', 'Nusra Rasheed — ADdu', 'converted', 'medium',
   '2025-10-05',
   '22222222-0000-0000-0000-000000000002', '43d7b6bc-795b-43ff-ac61-52e00d891290',
   'MDP', 'ADdu', 'campaign_material',
   'purchased', '2025-11-01', 'e9e2ef07-4c11-4b16-8c91-28556c14a56f'),
  ('1d0cc871-df7e-4d6a-9582-9766e8519f7b', 'Ali Maseeh — FVM Mayor', 'converted', 'medium',
   '2025-10-05',
   '22222222-0000-0000-0000-000000000003', '21caca82-8cda-42c7-993e-708f3a0ea826',
   'PNC', 'FVM Mayor', 'campaign_material',
   'purchased', '2025-11-01', '1fe81add-2201-4273-b11e-ed2cbd382091'),
  ('c6960c03-21b9-44ed-9d37-f3c504d52413', 'Aishath Sajan — Hulhumale Dhekunu', 'converted', 'medium',
   '2025-10-05',
   '22222222-0000-0000-0000-000000000002', '3e9779ae-9856-44b8-a165-9bc549c9e8a9',
   'PNC', 'Hulhumale Dhekunu', 'campaign_material',
   'purchased', '2025-11-01', 'fb75d180-73f5-48fd-b122-35404cb77166'),
  ('851b82ee-f255-42a5-a766-f1c62348d881', 'Aminath Afshan Athif — GA Maamemndhoo', 'identified', 'medium',
   '2025-10-05',
   '22222222-0000-0000-0000-000000000002', '80171f07-37ba-45b3-b920-958a8577fd14',
   'PNC', 'GA Maamemndhoo', 'campaign_material',
   NULL, NULL, NULL),
  ('ccd0ebb4-68b2-412f-87fc-1c22180f0dd6', 'Fathimath Fainaan — GA Maamemndhoo', 'identified', 'medium',
   '2025-10-05',
   '22222222-0000-0000-0000-000000000002', '2330fa92-5cdc-4b27-ac1a-d87134c78751',
   'PNC', 'GA Maamemndhoo', 'campaign_material',
   NULL, NULL, NULL),
  ('bf0b169e-6282-43ad-8187-8e8fe280b399', 'Abdulla Athoof — Medhu Henveyru', 'converted', 'medium',
   '2025-10-05',
   '22222222-0000-0000-0000-000000000001', 'a62222a1-61cf-4016-abca-fe5fc7804e34',
   'PNC', 'Medhu Henveyru', 'campaign_material',
   'purchased', '2025-11-01', '25cd2b3e-4501-408f-ab3b-1d0dcad06bbd'),
  ('c0d82598-c50d-4bd3-82a9-2d106a2f6717', 'Shifaza Latheef (Yas) — GA Maamemndhoo', 'identified', 'medium',
   '2025-10-05',
   '22222222-0000-0000-0000-000000000002', '0bad5118-5bab-47d5-8775-a5035bceb14f',
   'PNC', 'GA Maamemndhoo', 'campaign_material',
   NULL, NULL, NULL),
  ('d3733d2a-83bf-402b-9986-642f43eb7588', 'Ahmed Sham — Kudahuvadhoo', 'converted', 'medium',
   '2025-10-05',
   '22222222-0000-0000-0000-000000000002', '2df7891b-58b8-4546-b047-6a22de5732d5',
   'PNC', 'Kudahuvadhoo', 'campaign_material',
   'purchased', '2025-11-01', 'd79bc0ed-4022-437d-a7e7-879fe72a2b46'),
  ('6d05145f-8c9b-4dca-bb20-7cd3ce3c661e', 'Ismail Yameen — GA Gemanafushi', 'converted', 'medium',
   '2025-10-05',
   '22222222-0000-0000-0000-000000000003', '7a08f8c7-963c-4804-8ee5-8288cafb72b8',
   'PNC', 'GA Gemanafushi', 'campaign_material',
   'purchased', '2025-11-01', '1c02c2d2-5e23-4933-963e-fe85e0fdd0d4'),
  ('da6fe475-5f57-4739-886b-7f697cf6c653', 'Shiumaz Andu Samad — GDH Kanduhulhudhoo', 'converted', 'medium',
   '2025-10-05',
   '22222222-0000-0000-0000-000000000003', 'ec962599-577e-4b7c-8b73-5f74b955c2dd',
   'PNC', 'GDH Kanduhulhudhoo', 'campaign_material',
   'purchased', '2025-11-01', 'b46427aa-4e89-4c28-9d40-46d020e9710d'),
  ('4d6f5edb-8cbd-4017-971c-6fe300c1cbd9', 'Hussain Mohamedfulhu — Dhuvaaafaru', 'identified', 'medium',
   '2025-10-05',
   '22222222-0000-0000-0000-000000000002', 'dacac4c8-c8ad-4dd7-8a32-db53f1c6a182',
   'MDP', 'Dhuvaaafaru', 'campaign_material',
   NULL, NULL, NULL),
  ('b3049c9f-98ab-489e-9486-14da70aa8a58', 'Mariyam Inasha — Kanduhulhudhoo WDC', 'identified', 'medium',
   '2025-10-05',
   '22222222-0000-0000-0000-000000000002', 'b2d938f5-7c3e-4e00-93a6-16534a2857e5',
   'PNC', 'Kanduhulhudhoo WDC', 'campaign_material',
   NULL, NULL, NULL),
  ('581c133e-2f86-4d2c-8377-5bded8c2860d', 'Aishath Sana — L Gan', 'identified', 'medium',
   '2025-10-05',
   '22222222-0000-0000-0000-000000000002', 'e2bd8049-a242-476a-9858-812c4a7a905c',
   'PNC', 'L Gan', 'campaign_material',
   NULL, NULL, NULL),
  ('6134c191-210f-4dad-911a-b67573602f5f', 'Rishtha Sameer — K Kaashidhoo', 'identified', 'medium',
   '2025-10-05',
   '22222222-0000-0000-0000-000000000002', 'd1fae65d-389e-4dff-9809-55810c5c500d',
   'PNC', 'K Kaashidhoo', 'campaign_material',
   NULL, NULL, NULL),
  ('effd6a18-3022-4702-ae32-f5203cb9d844', 'Mohamed Nail — GDH Vaadhoo', 'converted', 'medium',
   '2025-10-05',
   '22222222-0000-0000-0000-000000000002', '9b0d0355-bf97-4ef4-956d-feb06e74385c',
   'IND', 'GDH Vaadhoo', 'campaign_material',
   'purchased', '2025-11-01', 'ca85c1cd-9e44-431f-8cf2-5f04ed6e7014'),
  ('9eaaa247-c065-46ee-b470-793e5199140e', 'Aishath Shurufaa — GA Gemanafushi', 'identified', 'medium',
   '2025-10-05',
   '22222222-0000-0000-0000-000000000003', '348dd5c6-a893-4735-9044-09a6a9f7c0e2',
   'PNC', 'GA Gemanafushi', 'campaign_material',
   NULL, NULL, NULL),
  ('a2e34bc5-7e4d-4cf4-b28f-b3c98c3197f6', 'Arif Hussain — Thinadhoo Council', 'identified', 'medium',
   '2025-10-05',
   '22222222-0000-0000-0000-000000000001', '1b331c85-e77c-43a0-a388-98a7e3fab4b2',
   'PNC', 'Thinadhoo Council', 'campaign_material',
   NULL, NULL, NULL),
  ('21aa9ac0-9f13-46d4-aefa-f72ca79eefec', 'Mohamed Ajeeb — Thinadhoo Council', 'identified', 'medium',
   '2025-10-05',
   '22222222-0000-0000-0000-000000000001', '41231dbc-c866-4865-96a6-3e4f59bbf886',
   'PNC', 'Thinadhoo Council', 'campaign_material',
   NULL, NULL, NULL),
  ('3c4fcea9-6ee9-427f-8e1a-9f88e2c6129d', 'Bahoo — Thinadhoo Council', 'converted', 'medium',
   '2025-10-05',
   '22222222-0000-0000-0000-000000000001', 'd74b951e-e823-43fc-9abf-1ab1131ddfb8',
   'MDP', 'Thinadhoo Council', 'campaign_material',
   'purchased', '2025-11-01', 'c0a41a7c-0bae-4861-84ad-c47fb661a7a6'),
  ('4858d5b0-741b-4d5e-928a-56f90e173031', 'Fazuna Hasan — Thinadhoo Council', 'converted', 'medium',
   '2025-10-05',
   '22222222-0000-0000-0000-000000000001', 'd6672e94-1b1e-419f-9a53-3ec19a8ea192',
   'MDP', 'Thinadhoo Council', 'campaign_material',
   'purchased', '2025-11-01', 'a6f70ae2-4307-4d84-99e9-c4e12c59d342'),
  ('bf4d56a4-e758-47f1-af4d-541ee083e821', 'Hamna Mohamed — Thinadhoo Council', 'converted', 'medium',
   '2025-10-05',
   '22222222-0000-0000-0000-000000000001', '702ee7c0-2c34-45cb-a20d-3da7c24da904',
   'MDP', 'Thinadhoo Council', 'campaign_material',
   'purchased', '2025-11-01', '7f814d2c-2929-426f-a1bf-d25718716095'),
  ('779fc664-461d-449d-89d9-7be8db864c1e', 'Shizuna — Kaashidhoo', 'identified', 'medium',
   '2025-10-05',
   '22222222-0000-0000-0000-000000000004', '48a16e6f-a6ad-4a3f-9ae5-4d3263d59061',
   'PNC', 'Kaashidhoo', 'campaign_material',
   NULL, NULL, NULL),
  ('6599a2fd-8e83-4c98-bbf4-2c9a04a7262b', 'Suoodha Nasir — GA Vilingili', 'identified', 'medium',
   '2025-10-05',
   '22222222-0000-0000-0000-000000000002', 'b3f5a2be-f071-45c6-99c8-40698af26a50',
   'PNC', 'GA Vilingili', 'campaign_material',
   NULL, NULL, NULL),
  ('f365a92d-1d96-407f-b1b7-9755bd1df8f9', 'Aishath Juneena Ali — Hithadhoo', 'converted', 'medium',
   '2025-10-05',
   '22222222-0000-0000-0000-000000000003', '22f6b1d4-3bdf-4a2b-b7eb-c840c0f2c4b4',
   'PNC', 'Hithadhoo', 'campaign_material',
   'purchased', '2025-11-01', '1a27f041-67db-42fe-bacb-954bfcad64db'),
  ('6f99d7fb-7e51-448d-a50a-a9adacc0bf5e', 'Mariyam Wafa — Kanduhulhudhoo', 'identified', 'medium',
   '2025-10-05',
   '22222222-0000-0000-0000-000000000001', 'f5aa89d3-b7cf-483b-bc5e-6bf48eb8c3cd',
   'PNC', 'Kanduhulhudhoo', 'campaign_material',
   NULL, NULL, NULL),
  ('485bb096-7692-47ff-b327-7d132d41054a', 'Fathimath huda Abdulqayoom — Kanduhulhudhoo', 'identified', 'medium',
   '2025-10-05',
   '22222222-0000-0000-0000-000000000002', 'd4aebc39-c2aa-45b7-af5e-26abe34e3f36',
   'PNC', 'Kanduhulhudhoo', 'campaign_material',
   NULL, NULL, NULL),
  ('7645e13e-88de-4961-bf90-069e84f03100', 'Ashraq — GA Vilingili', 'identified', 'medium',
   '2025-10-05',
   '22222222-0000-0000-0000-000000000002', 'a6fd9f85-a1e7-45fb-a0b7-f4a50fc88529',
   'PNC', 'GA Vilingili', 'campaign_material',
   NULL, NULL, NULL),
  ('ed2bc119-ddb9-4d76-a07b-2d874ce62d33', 'Vishal Mohamed — GA Vilingili', 'identified', 'medium',
   '2025-10-05',
   '22222222-0000-0000-0000-000000000001', '16e1f90b-70ad-4b9f-8a20-ab8a25b915e7',
   'PNC', 'GA Vilingili', 'campaign_material',
   NULL, NULL, NULL),
  ('22a3947c-7062-4817-9a05-7359c58cf748', 'Ali Dhawood — N Landhoo', 'identified', 'medium',
   '2025-10-05',
   '22222222-0000-0000-0000-000000000002', '849681dc-4af1-475a-a855-ab3dd154c8ed',
   'PNC', 'N Landhoo', 'campaign_material',
   NULL, NULL, NULL),
  ('77a0ee0c-6913-45be-80b6-97c1364235b7', 'Sawa — Hulhudhoo', 'converted', 'medium',
   '2025-10-05',
   '22222222-0000-0000-0000-000000000002', '090a7f88-4e92-4e3a-831a-4e5cccccfd87',
   'PNC', 'Hulhudhoo', 'campaign_material',
   'purchased', '2025-11-01', '9f9a29af-3f1f-4e09-a2bf-2e003999a30b'),
  ('34f5978e-5d9a-4cc0-a947-9eb12e06b303', 'Hdham Labeeb — Addu', 'converted', 'medium',
   '2025-10-05',
   '22222222-0000-0000-0000-000000000004', '056c5f2f-9e96-4ba1-9653-78ada3d60662',
   'PNC', 'Addu', 'campaign_material',
   'purchased', '2025-11-01', '2f5b4171-4c8f-4273-a8f0-f26ace72e806'),
  ('0a6fa9b6-b558-4164-ab6a-50a387830714', 'Aamaalu Mohamed — Nolhivaramfaru', 'identified', 'medium',
   '2025-10-05',
   '22222222-0000-0000-0000-000000000002', '22b0bbef-2854-4a36-ac56-02ea3cb7ffb3',
   'IND', 'Nolhivaramfaru', 'campaign_material',
   NULL, NULL, NULL),
  ('d588447b-de8b-4465-882e-ac39e8dd487e', 'Hawwa Shuha — Kaashidhoo', 'identified', 'medium',
   '2025-10-05',
   '22222222-0000-0000-0000-000000000004', '61cd4b57-32cd-4232-a47b-0661bdef04c5',
   'PNC', 'Kaashidhoo', 'campaign_material',
   NULL, NULL, NULL),
  ('467a943e-1d70-4fed-830c-45f1f6699b7f', 'Ilyas Fathuhy — Addu', 'license_verified', 'medium',
   '2025-10-05',
   '22222222-0000-0000-0000-000000000003', '1bf375ab-a498-4038-91b2-831bdcfb6ec4',
   'IND', 'Addu', 'campaign_material',
   'already_licensed', NULL, NULL),
  ('b7c856e8-51e3-40cb-9869-dc6bdb32729d', 'Hussain Varis — Hoadehdhoo', 'converted', 'medium',
   '2025-10-05',
   '22222222-0000-0000-0000-000000000001', 'a5fae969-72f8-45d0-85e7-60dff8a70b4c',
   'PNC', 'Hoadehdhoo', 'campaign_material',
   'purchased', '2025-11-01', 'd056f538-9e0a-443d-8888-4a96e6cfc8ce'),
  ('51ab8182-6e56-4812-87e2-d4e15369a43a', 'Nishreena Moosa — Hulhumale Uthuru', 'identified', 'medium',
   '2025-10-05',
   '22222222-0000-0000-0000-000000000001', '8afb82de-56b7-4704-ba42-374004695a05',
   'PNC', 'Hulhumale Uthuru', 'campaign_material',
   NULL, NULL, NULL),
  ('0a2ebaf7-94dc-49c2-bd1c-948e3de06ed0', 'Shamoon — Vashafaru', 'identified', 'medium',
   '2025-10-05',
   '22222222-0000-0000-0000-000000000004', '06434bca-7e0f-40d7-8ea4-feef26aec9bd',
   'PNC', 'Vashafaru', 'campaign_material',
   NULL, NULL, NULL),
  ('2603f11e-0145-445c-8074-0e59a5dedbf8', 'PNC Vashafaru — Vashafaru', 'identified', 'medium',
   '2025-10-05',
   '22222222-0000-0000-0000-000000000001', 'b015337d-76aa-4d5e-bf1a-04310acd22f1',
   'PNC', 'Vashafaru', 'campaign_material',
   NULL, NULL, NULL),
  ('5d6225a4-84eb-46d7-abeb-db2514c5737c', 'Shaiqa — FVM', 'identified', 'medium',
   '2025-10-05',
   '22222222-0000-0000-0000-000000000002', 'f9757289-890e-49d6-8109-00dda8f3062a',
   'PNC', 'FVM', 'campaign_material',
   NULL, NULL, NULL),
  ('8cf32cb9-0553-4e9b-916f-8d70c3e400ce', 'Fathimath Hijra — Addu WDC', 'converted', 'medium',
   '2025-10-05',
   '22222222-0000-0000-0000-000000000002', 'd27181ab-0070-411c-9e06-ac039c3a5090',
   'MDP', 'Addu WDC', 'campaign_material',
   'purchased', '2025-11-01', '501486ab-9ce9-4f24-91ea-8da8362ade78'),
  ('d9f66523-c0ff-4e3f-89e1-bd4db579d20d', 'Mohamed Shinan — Dhaandhoo', 'identified', 'medium',
   '2025-10-05',
   '22222222-0000-0000-0000-000000000001', '080646f0-3aa6-44cb-9a91-d0f8d29c4db0',
   'IND', 'Dhaandhoo', 'campaign_material',
   NULL, NULL, NULL),
  ('3f240944-77f0-44fe-93b4-319b4c8c17c7', 'Firasha Ibrahim — Kendhikulhudhoo', 'identified', 'medium',
   '2025-10-05',
   '22222222-0000-0000-0000-000000000003', '80dff653-0546-49d8-a9ba-97af3d903a75',
   'PNC', 'Kendhikulhudhoo', 'campaign_material',
   NULL, NULL, NULL),
  ('e1ceace3-92e7-43fe-8230-9fd4a859ee75', 'Fathimath Rasheed (Layaaly) — Addu', 'identified', 'medium',
   '2025-10-05',
   '22222222-0000-0000-0000-000000000001', '67b6fe2a-fd16-423c-af2c-4b6ead07fb7f',
   'PNC', 'Addu', 'campaign_material',
   NULL, NULL, NULL),
  ('b7509dc7-ac9a-472e-bb67-3931f99caf15', 'Naifa — Kaashidhoo', 'identified', 'medium',
   '2025-10-05',
   '22222222-0000-0000-0000-000000000001', 'c6279847-d73f-4aa7-94cc-13ce424dfcfc',
   'PNC', 'Kaashidhoo', 'campaign_material',
   NULL, NULL, NULL),
  ('3f0be8f0-43d5-4836-92ba-5336ffcb8eaa', 'Mohamed Areef — L GAn', 'identified', 'medium',
   '2025-10-05',
   '22222222-0000-0000-0000-000000000001', '7acddf8a-0df6-4891-99d8-8ce80d804dd7',
   'PNC', 'L GAn', 'campaign_material',
   NULL, NULL, NULL),
  ('109cb65f-357c-441d-a163-90db68fd1d9d', 'Vasif Ahmed — Kendhikulhudhoo', 'identified', 'medium',
   '2025-10-05',
   '22222222-0000-0000-0000-000000000001', '04c0e639-67e0-4e23-88e6-736e011f1cfe',
   'PNC', 'Kendhikulhudhoo', 'campaign_material',
   NULL, NULL, NULL),
  ('0c8b732d-1c8d-4b90-90fb-16afb27a45ea', 'Aminath Laiza — Kendhikulhudhoo', 'identified', 'medium',
   '2025-10-05',
   '22222222-0000-0000-0000-000000000003', 'd10b06c4-b594-4134-ad00-e572d2e1b0fe',
   'PNC', 'Kendhikulhudhoo', 'campaign_material',
   NULL, NULL, NULL),
  ('98d3b6d9-992e-407c-aa3c-925e7cd7592d', 'Aminath Dhimna — Kendhikulhudhoo', 'identified', 'medium',
   '2025-10-05',
   '22222222-0000-0000-0000-000000000004', '5e746ae1-492b-4fb1-9e7d-a5f6384a2802',
   'PNC', 'Kendhikulhudhoo', 'campaign_material',
   NULL, NULL, NULL),
  ('c931c240-5434-4347-8068-3227ea3825a4', 'Hussain Shareef (Sein) — Thimarafushi', 'identified', 'medium',
   '2025-10-05',
   '22222222-0000-0000-0000-000000000001', 'd08cbfa0-2456-43ae-8b69-fbf612501f19',
   'IND', 'Thimarafushi', 'campaign_material',
   NULL, NULL, NULL),
  ('2b48297b-121b-4020-b2d5-da56b4c6728e', 'Aiman Mohanmed — Kanduhulhudhoo', 'identified', 'medium',
   '2025-10-05',
   '22222222-0000-0000-0000-000000000001', '242371c7-a31c-48a2-acb5-fce189b4f9e9',
   'PNC', 'Kanduhulhudhoo', 'campaign_material',
   NULL, NULL, NULL),
  ('a947559f-fe03-4c61-b6d3-8b6f6c80020e', 'Haifa Hasan — Kanduhulhudhoo', 'identified', 'medium',
   '2025-10-05',
   '22222222-0000-0000-0000-000000000001', 'd9b15f25-4e63-46b5-8d58-0203de5ccb7b',
   'PNC', 'Kanduhulhudhoo', 'campaign_material',
   NULL, NULL, NULL),
  ('bf72327a-1d63-4ada-a3e6-19ac7eee0534', 'Mohamed Shuau — Hithadhoo', 'converted', 'medium',
   '2025-10-05',
   '22222222-0000-0000-0000-000000000004', 'c31d1915-2f1b-49bb-ae2e-b82116c0c780',
   'MDP', 'Hithadhoo', 'campaign_material',
   'purchased', '2025-11-01', '5cb94681-42c3-4a85-becb-5df31d81ead2'),
  ('fb761d39-835c-4afb-a08f-a62fdeb4461f', 'Mohamed Shuau — Hithadhoo', 'converted', 'medium',
   '2025-10-05',
   '22222222-0000-0000-0000-000000000003', 'c31d1915-2f1b-49bb-ae2e-b82116c0c780',
   'MDP', 'Hithadhoo', 'campaign_material',
   'purchased', '2025-11-01', '101e441f-8e94-491d-99f8-3c84967372f9'),
  ('03579555-ce3c-4b19-8243-d3ced5e0ac40', 'Hdham Labeeb — Addu', 'converted', 'medium',
   '2025-10-05',
   '22222222-0000-0000-0000-000000000003', '056c5f2f-9e96-4ba1-9653-78ada3d60662',
   'PNC', 'Addu', 'campaign_material',
   'purchased', '2025-11-01', '70115ea5-0479-4358-b5cb-c0d0a46630ce'),
  ('5e04ba1a-e299-4c16-af97-12d14e34f19e', 'Ajufan Mohamed Nashid — Thinadhoo Council', 'identified', 'medium',
   '2025-10-05',
   '22222222-0000-0000-0000-000000000001', 'edea5a2a-7461-4c47-b88f-3efcb9921c12',
   'PNC', 'Thinadhoo Council', 'campaign_material',
   NULL, NULL, NULL),
  ('d9e2e09a-e272-4f41-9081-79a141bcdab7', 'Ahmed Mauroof - Kudey — Kudahuvadhoo', 'identified', 'medium',
   '2025-10-05',
   '22222222-0000-0000-0000-000000000001', '63488ea3-0d63-4aef-8609-9f372bd7ff65',
   'MDP', 'Kudahuvadhoo', 'campaign_material',
   NULL, NULL, NULL),
  ('5e8a6511-a1fe-4c80-901a-6c7edfd7962b', 'Abdulla Mahzoom Majid — Male City', 'converted', 'medium',
   '2025-10-05',
   '22222222-0000-0000-0000-000000000001', 'e8bd66f0-b87b-4792-922a-541c3901ecbc',
   'MDA', 'Male City', 'campaign_material',
   'purchased', '2025-11-01', '53f9903f-f379-4d1a-baed-6150d04fe02b'),
  ('f6c76f4f-2dfc-45fd-9ff9-84f97070defd', 'Ali Fawaax — Ihavandhoo Council Raees', 'converted', 'medium',
   '2025-10-05',
   '22222222-0000-0000-0000-000000000004', '60c9ccab-8a7e-4d5f-b765-8a3232542331',
   'MDP', 'Ihavandhoo Council Raees', 'campaign_material',
   'purchased', '2025-11-01', '9daf51bb-98ec-401b-9c60-61b954d81308'),
  ('f674298d-dc32-4104-a521-35d6e04082f6', 'Saujath Ahmed — Ihavandhhoo - WDC', 'converted', 'medium',
   '2025-10-05',
   '22222222-0000-0000-0000-000000000004', 'dba29e3f-d187-42b9-a48c-432dc3f659e1',
   'MDP', 'Ihavandhhoo - WDC', 'campaign_material',
   'purchased', '2025-11-01', '4bce16ca-85ec-47fe-8ba6-d8725e383dae'),
  ('e47fd390-e31d-45a2-8aa3-2ab828c5e45c', 'Fathimath Sameera — Ihavandhoo - WDC', 'converted', 'medium',
   '2025-10-05',
   '22222222-0000-0000-0000-000000000004', '9dce741c-6a01-4bdb-a40b-3d8d74333356',
   'MDP', 'Ihavandhoo - WDC', 'campaign_material',
   'purchased', '2025-11-01', '03a73a47-133c-4445-82f6-46be8c05e913'),
  ('efeff2d7-4147-4c07-8171-b19aefcb0c87', 'Aisha Gadhir — Ihavandhoo - WDC', 'converted', 'medium',
   '2025-10-05',
   '22222222-0000-0000-0000-000000000004', '6073e5fa-0f7c-4f8f-b227-0cc467fdf7dd',
   'MDP', 'Ihavandhoo - WDC', 'campaign_material',
   'purchased', '2025-11-01', '96c02019-b3ef-4e8e-a4c1-5ae199401124'),
  ('794d04cc-b8db-420e-8c0c-6cc7c0815ae1', 'Aishatha Shabana — Ihavandhoo - WDC', 'converted', 'medium',
   '2025-10-05',
   '22222222-0000-0000-0000-000000000004', '6404df5a-5172-493c-9e16-2258b43dd24d',
   'MDP', 'Ihavandhoo - WDC', 'campaign_material',
   'purchased', '2025-11-01', '99e94e90-0b80-4d6d-a363-a8d576cb5af2'),
  ('61c5d35f-8a85-4240-b169-a2c5ab47d827', 'Aminath Rizana — Ihavandhoo - WDC', 'converted', 'medium',
   '2025-10-05',
   '22222222-0000-0000-0000-000000000004', 'fb5bd006-94cd-475e-b697-953f96bb91ce',
   'MDP', 'Ihavandhoo - WDC', 'campaign_material',
   'purchased', '2025-11-01', 'f1c33550-705b-4353-b9e2-af5fdee25c36'),
  ('9a8d400f-98f9-4ff5-8049-f93e1169dffe', 'Aishath Shiyama — Ihavandhoo Council', 'converted', 'medium',
   '2025-10-05',
   '22222222-0000-0000-0000-000000000004', '2ded64b3-e281-47a5-b521-4f5349e4c5a1',
   'MDP', 'Ihavandhoo Council', 'campaign_material',
   'purchased', '2025-11-01', '3c2e1de7-4508-489d-bff3-a48f60b03484'),
  ('ee7259ae-6073-4b5a-bc34-e8a27d90161c', 'Nasira Abdul Wahid — Ihavandhoo Council', 'converted', 'medium',
   '2025-10-05',
   '22222222-0000-0000-0000-000000000004', 'b9eebdc5-ea8d-41c0-84e6-a5e50594911a',
   'MDP', 'Ihavandhoo Council', 'campaign_material',
   'purchased', '2025-11-01', 'f22a6ecf-3cd7-4445-a09b-36cd044b94e0'),
  ('d2def517-2794-4db1-9c26-3b6d0ba9360e', 'PNC HInnavaru — Hinnavaru Council', 'identified', 'medium',
   '2025-10-05',
   '22222222-0000-0000-0000-000000000004', '5631f677-99be-4ba7-bc6d-2fd06d7c1fe6',
   'PNC', 'Hinnavaru Council', 'campaign_material',
   NULL, NULL, NULL),
  ('20e2fc87-ccb8-4b6a-92bc-0f68dce2059e', 'Ibrahim Athif — Hinnavaru Council', 'identified', 'medium',
   '2025-10-05',
   '22222222-0000-0000-0000-000000000003', '2c3e5c2e-4166-48b8-82da-eaa805710a9e',
   'PNC', 'Hinnavaru Council', 'campaign_material',
   NULL, NULL, NULL),
  ('2784b855-32de-47b7-8b82-5d8c2984005c', 'Mariyam Shimaza — Male City WDC', 'identified', 'medium',
   '2025-10-05',
   '22222222-0000-0000-0000-000000000004', '71edac93-9599-450c-84df-518b4d1c8a91',
   'AP', 'Male City WDC', 'campaign_material',
   NULL, NULL, NULL),
  ('aa91ffc9-12d6-408c-9230-2c3d487ee5af', 'Mohamed Ilham — Nellaidhoo', 'identified', 'medium',
   '2025-10-05',
   '22222222-0000-0000-0000-000000000001', 'cec0219a-e762-49ce-809c-d5a22a204d80',
   'MDP', 'Nellaidhoo', 'campaign_material',
   NULL, NULL, NULL),
  ('f7d12038-bcda-491f-a1ed-6ea6493fbf7b', 'Mohamed Rilwan — Maaffanu Hulhangu', 'identified', 'medium',
   '2025-10-05',
   '22222222-0000-0000-0000-000000000003', '024f47a0-4768-4f20-a1b9-39551caf41ae',
   'MDP', 'Maaffanu Hulhangu', 'campaign_material',
   NULL, NULL, NULL),
  ('47a0164c-f727-49ec-a54a-8878aa3b6c78', 'Shafiz Moosa — GA Villigili', 'identified', 'medium',
   '2025-10-05',
   '22222222-0000-0000-0000-000000000001', '28844cab-a260-4f4f-b480-e981fd611cb8',
   'IND', 'GA Villigili', 'campaign_material',
   NULL, NULL, NULL),
  ('9d6ee009-ebde-46d9-b8ca-c923247cb7cf', 'Dhiffushi — Dhiffushi', 'identified', 'medium',
   '2025-10-05',
   '22222222-0000-0000-0000-000000000001', 'fe4a2780-ec9a-45fe-931b-7a6513b81b97',
   NULL, 'Dhiffushi', 'campaign_material',
   NULL, NULL, NULL),
  ('4243e3fc-f63b-47da-888c-dc8b4d92fb86', 'PNC Vilufushi — Vilufushi', 'converted', 'medium',
   '2025-10-05',
   '22222222-0000-0000-0000-000000000004', 'b5193eff-28d8-4b8c-abad-4bd468418f9c',
   'PNC', 'Vilufushi', 'campaign_material',
   'purchased', '2025-11-01', '43227827-73e0-4ad0-89f9-45aef6717ea6'),
  ('9d44684f-3f13-4c74-8e06-d9bbedfd6a97', 'Ibrahim Athif — Hinnavaru Council', 'converted', 'medium',
   '2025-10-05',
   '22222222-0000-0000-0000-000000000004', '2c3e5c2e-4166-48b8-82da-eaa805710a9e',
   'PNC', 'Hinnavaru Council', 'campaign_material',
   'purchased', '2025-11-01', 'e804f7de-7ae8-4eba-87c8-68fc4144a5b6'),
  ('e141f32c-bf52-47ee-9c6f-658f834a2690', 'Abdulla Haleel — Ihavandhoo Council', 'converted', 'medium',
   '2025-10-05',
   '22222222-0000-0000-0000-000000000004', '45244abc-72bc-4216-8c0d-4fc9000eb3b8',
   'MDP', 'Ihavandhoo Council', 'campaign_material',
   'purchased', '2025-11-01', '00868b8e-0ac4-4856-b708-27109380ede2'),
  ('07ec98cf-ee00-4118-80ee-20d60415f9e8', 'Moosa Ali — Ihavandhoo Council', 'converted', 'medium',
   '2025-10-05',
   '22222222-0000-0000-0000-000000000004', '13b5511d-5fc2-4836-97c3-b3a42f6ee43e',
   'MDP', 'Ihavandhoo Council', 'campaign_material',
   'purchased', '2025-11-01', 'a6fe6b07-b8e8-41fb-a651-2818b1941ecb'),
  ('9c19f502-ac60-4dec-80ad-aad04f7669bf', 'Fathimath Shifna — Gahdhoo - WDC', 'identified', 'medium',
   '2025-10-05',
   '22222222-0000-0000-0000-000000000004', '3cdb7980-3660-4214-9785-565334bef9b3',
   'MDP', 'Gahdhoo - WDC', 'campaign_material',
   NULL, NULL, NULL),
  ('541174ff-0a4a-4f2e-bec9-30b441f4090c', 'Shahumeena Hussain — Kaashidhoo - WDC', 'identified', 'medium',
   '2025-10-05',
   '22222222-0000-0000-0000-000000000004', '760ffe81-b597-439a-a172-845c3b0af4b3',
   'MDP', 'Kaashidhoo - WDC', 'campaign_material',
   NULL, NULL, NULL),
  ('ed5d7ac0-10f6-4f33-aae7-9d80d07ce667', 'Zaina Hussain — Kaashidhoo - WDC', 'identified', 'medium',
   '2025-10-05',
   '22222222-0000-0000-0000-000000000004', '8127adc1-6d1f-4e21-93a4-b528fbf3d444',
   'MDP', 'Kaashidhoo - WDC', 'campaign_material',
   NULL, NULL, NULL),
  ('346890c1-65fe-4acb-9878-89cff5475c23', 'Aishath Rishfa — Kaashidhoo - WDC', 'identified', 'medium',
   '2025-10-05',
   '22222222-0000-0000-0000-000000000004', '5bbefbc9-7d2f-401c-9ab9-1a046dfc6092',
   'MDP', 'Kaashidhoo - WDC', 'campaign_material',
   NULL, NULL, NULL),
  ('0aa56e4b-6163-4aa8-a8b9-751b8d17a817', 'Aminath Hussain — Kaashidhoo - WDC', 'identified', 'medium',
   '2025-10-05',
   '22222222-0000-0000-0000-000000000004', '62f1eec3-c917-45a5-baf2-42747ae8d4fe',
   'MDP', 'Kaashidhoo - WDC', 'campaign_material',
   NULL, NULL, NULL),
  ('23c7be21-5cf6-4848-b527-c6aac447036e', 'Fazuna Ibrahim — Kaashidhoo - WDC', 'identified', 'medium',
   '2025-10-05',
   '22222222-0000-0000-0000-000000000004', 'a02a4d6e-fd0d-4e45-9f5f-b11fe0d15492',
   'MDP', 'Kaashidhoo - WDC', 'campaign_material',
   NULL, NULL, NULL),
  ('4344b671-270b-41a9-afce-096171c77152', 'Shahula Zahir — Kaashidhoo Council', 'identified', 'medium',
   '2025-10-05',
   '22222222-0000-0000-0000-000000000004', '813e7bf7-5b58-4748-a704-350ae0efac43',
   'MDP', 'Kaashidhoo Council', 'campaign_material',
   NULL, NULL, NULL),
  ('e68d5f72-f89e-4c22-a112-7d2fed3d1d9d', 'Fazla Saleem — Kaashidhoo Council', 'identified', 'medium',
   '2025-10-05',
   '22222222-0000-0000-0000-000000000003', 'e61f55c2-4b01-4250-8327-20d3c817df92',
   'MDP', 'Kaashidhoo Council', 'campaign_material',
   NULL, NULL, NULL),
  ('6e29b1df-1af3-4746-8e65-deb8a80e1f71', 'Ibrahim Faisal — Kaashidhoo Council Raees', 'identified', 'medium',
   '2025-10-05',
   '22222222-0000-0000-0000-000000000004', '22057b8a-3b8f-4b2f-aca7-e6c6082dcf96',
   'MDP', 'Kaashidhoo Council Raees', 'campaign_material',
   NULL, NULL, NULL),
  ('35effa67-27a5-4164-a8f2-80cfed365b90', 'Mohamed Adam — Kaashidhoo Council', 'identified', 'medium',
   '2025-10-05',
   '22222222-0000-0000-0000-000000000004', '28dac744-4f65-4ce1-a005-b828852b7f6f',
   'MDP', 'Kaashidhoo Council', 'campaign_material',
   NULL, NULL, NULL),
  ('c555c7fb-307a-4fcc-a09c-cd0dc69fc7df', 'Mohamed Adam — Kaashidhoo Council', 'identified', 'medium',
   '2025-10-05',
   '22222222-0000-0000-0000-000000000001', '28dac744-4f65-4ce1-a005-b828852b7f6f',
   'MDP', 'Kaashidhoo Council', 'campaign_material',
   NULL, NULL, NULL),
  ('f37b3cff-0ec8-42cb-a542-a47a900b606e', 'MDP Kulhudhuffush City — Main Page', 'identified', 'medium',
   '2025-10-05',
   '22222222-0000-0000-0000-000000000002', 'c19888fd-0920-49ec-930b-39400295f8fb',
   'MDP', 'Main Page', 'campaign_material',
   NULL, NULL, NULL),
  ('f2d67538-a384-4588-baad-1bdb9de39d8d', 'Aminath Isama — Velidhoo', 'identified', 'medium',
   '2025-10-05',
   '22222222-0000-0000-0000-000000000001', '1ba93aec-e33c-43e9-88e1-a4cbc4926bcb',
   'MDP', 'Velidhoo', 'campaign_material',
   NULL, NULL, NULL),
  ('d795569e-9352-44c7-8540-d37552a411d8', 'MDP Velidhoo — Main Page', 'identified', 'medium',
   '2025-10-05',
   '22222222-0000-0000-0000-000000000001', '25703adc-a409-4027-b70e-123d9b49f9bb',
   'MDP', 'Main Page', 'campaign_material',
   NULL, NULL, NULL),
  ('dac00e84-425b-4eb7-aa6a-4b80a5b196c8', 'Abdulla Imran (Imma) — Velidhoo Council', 'identified', 'medium',
   '2025-10-05',
   '22222222-0000-0000-0000-000000000001', 'dfb7545b-6b5b-4cd4-b494-e9175fa0f1ea',
   'MDP', 'Velidhoo Council', 'campaign_material',
   NULL, NULL, NULL),
  ('d89e3b14-75b8-40da-8992-f4463f59c291', 'Aishath Rishfa — Velidhoo WDC', 'identified', 'medium',
   '2025-10-05',
   '22222222-0000-0000-0000-000000000001', '5bbefbc9-7d2f-401c-9ab9-1a046dfc6092',
   'MDP', 'Velidhoo WDC', 'campaign_material',
   NULL, NULL, NULL),
  ('4cddcecf-5f5d-4de1-bb41-73fe1b274680', 'Hawwa Nishama — Velidhoo WDC', 'identified', 'medium',
   '2025-10-05',
   '22222222-0000-0000-0000-000000000001', 'ab7cb580-1743-4961-92c8-113d5ca2a3b6',
   'MDP', 'Velidhoo WDC', 'campaign_material',
   NULL, NULL, NULL),
  ('4a8fff78-6258-4551-8b7b-0be6ea8b7777', 'Aishath Ibrahim — Velidhoo WDC', 'identified', 'medium',
   '2025-10-05',
   '22222222-0000-0000-0000-000000000001', '204b3d09-39ce-45ca-ab4d-6ac5feb33003',
   'MDP', 'Velidhoo WDC', 'campaign_material',
   NULL, NULL, NULL),
  ('c2e07a2a-e498-470a-9e93-5dccc6ce8575', 'Aishath Yashfa — Velidhoo WDC', 'identified', 'medium',
   '2025-10-05',
   '22222222-0000-0000-0000-000000000001', 'f69a0cfe-bc11-4543-b38a-035ab5212c09',
   'MDP', 'Velidhoo WDC', 'campaign_material',
   NULL, NULL, NULL),
  ('9fa24105-7ceb-4a20-85eb-7ef5a2d4a5ba', 'Rugiyya Qasim — Velidhoo WDC', 'identified', 'medium',
   '2025-10-05',
   '22222222-0000-0000-0000-000000000001', '64a6c294-1c67-412e-8191-184d6b401d68',
   'MDP', 'Velidhoo WDC', 'campaign_material',
   NULL, NULL, NULL),
  ('42540894-d595-48a5-9cd8-dbdd30d2ac56', 'Abdulla Ali (Abbu Fayaazu) — Velidhoo Council', 'identified', 'medium',
   '2025-10-05',
   '22222222-0000-0000-0000-000000000001', '47e69ecd-31b8-40f4-b8d1-89307104a1a6',
   'MDP', 'Velidhoo Council', 'campaign_material',
   NULL, NULL, NULL),
  ('187d0233-3b79-46d8-af10-36e0046c6695', 'MDP Ungoofaaru — Main Page', 'identified', 'medium',
   '2025-10-05',
   '22222222-0000-0000-0000-000000000002', '0d564be9-a55a-4a19-b302-fc40243754ad',
   'MDP', 'Main Page', 'campaign_material',
   NULL, NULL, NULL),
  ('d9038644-6d77-4810-93d6-59ee6627197b', 'Muhammadh Hussain Manik — Ungoofaaru Council Raees', 'identified', 'medium',
   '2025-10-05',
   '22222222-0000-0000-0000-000000000002', '86eed60a-cfe6-47fb-b4a1-8427b2183cbf',
   'MDP', 'Ungoofaaru Council Raees', 'campaign_material',
   NULL, NULL, NULL),
  ('cab2756b-44e6-48c1-a843-f68bdb60e8f4', 'Fathimath Aneela — Ungoofaaru WDC', 'identified', 'medium',
   '2025-10-05',
   '22222222-0000-0000-0000-000000000002', '6fde7da5-fcae-4929-80f9-8b1fa375ebeb',
   'MDP', 'Ungoofaaru WDC', 'campaign_material',
   NULL, NULL, NULL),
  ('f429a879-6ade-41d5-8085-5c3c4587946f', 'Niha Hussain — Ungoofaaru Council', 'identified', 'medium',
   '2025-10-05',
   '22222222-0000-0000-0000-000000000002', '2ca865ea-feb3-4e6a-8bd2-4cd2bf441fc5',
   'MDP', 'Ungoofaaru Council', 'campaign_material',
   NULL, NULL, NULL),
  ('26d863db-331a-49b2-9a6d-2d72f41ae262', 'Mohamed Muneez Moosa — Ungoofaaru Council', 'identified', 'medium',
   '2025-10-05',
   '22222222-0000-0000-0000-000000000002', 'c305f9d8-9c35-4f38-8df1-cf9520ce1453',
   'MDP', 'Ungoofaaru Council', 'campaign_material',
   NULL, NULL, NULL),
  ('101d8de7-b22c-4e98-9a9c-ef6104b1747d', 'MDP Dharavandhoo — Main Page', 'identified', 'medium',
   '2025-10-05',
   '22222222-0000-0000-0000-000000000001', 'fae737a9-94dc-42bc-a613-7c6b1bc09f25',
   'MDP', 'Main Page', 'campaign_material',
   NULL, NULL, NULL),
  ('4f2a19f8-d1cc-4879-88dd-325e2a696a0a', 'MDP Naifaru — Main Page', 'identified', 'medium',
   '2025-10-05',
   '22222222-0000-0000-0000-000000000001', 'f1a17324-c89f-40b3-96fb-0ae28e462f10',
   'MDP', 'Main Page', 'campaign_material',
   NULL, NULL, NULL),
  ('9ca3c366-ab3c-41b8-a160-5303128a1cd9', 'Aminath Masaalath (Lathoo) — Hinnavaru Council', 'identified', 'medium',
   '2025-10-05',
   '22222222-0000-0000-0000-000000000002', '6eac5710-d10e-4e77-8e03-05cb50e2e68c',
   'MDP', 'Hinnavaru Council', 'campaign_material',
   NULL, NULL, NULL),
  ('08ac8a00-4190-452b-a75b-69a383f188be', 'Aminath Fazla — Thoddoo WDC', 'identified', 'medium',
   '2025-10-05',
   '22222222-0000-0000-0000-000000000001', '051ea4b9-ff9d-4541-9afa-8b4dcbff3a02',
   'MDP', 'Thoddoo WDC', 'campaign_material',
   NULL, NULL, NULL),
  ('dc154bd8-7dd8-421f-9591-60a6f6c7e809', 'Ahmed Azmeel (Azube) — Maavashu Council', 'identified', 'medium',
   '2025-10-05',
   '22222222-0000-0000-0000-000000000002', 'ee2dda25-113f-4af1-a179-15dc132c4a22',
   'MDP', 'Maavashu Council', 'campaign_material',
   NULL, NULL, NULL),
  ('fa62446d-bf56-4891-85e4-c74906b3dca6', 'MDP Thinadhoo — Main Page', 'identified', 'medium',
   '2025-10-05',
   '22222222-0000-0000-0000-000000000001', 'c8e3d0f9-90e4-466b-bbcf-cb91a64971a1',
   'MDP', 'Main Page', 'campaign_material',
   NULL, NULL, NULL),
  ('7c8be5bb-4634-4478-811b-2801d606e48f', 'Hasan Latheef (Twoki) — Kanduhulhudhoo Council', 'identified', 'medium',
   '2025-10-05',
   '22222222-0000-0000-0000-000000000002', 'b3eb7187-e22f-4957-9323-3b817e364477',
   'MDP', 'Kanduhulhudhoo Council', 'campaign_material',
   NULL, NULL, NULL),
  ('7e3f7520-b1cc-4524-844d-21e91729edd6', 'Ahmed Shiyam — Milandhoo Council', 'identified', 'medium',
   '2025-10-05',
   '22222222-0000-0000-0000-000000000004', '11bebafc-4f48-44b3-a006-c0e0d2966a2c',
   'MDP', 'Milandhoo Council', 'campaign_material',
   NULL, NULL, NULL),
  ('52a603ee-a016-4cb5-b81a-72cefe75c9dd', 'Hadheeja Moosa — Fuvahmulah Council', 'identified', 'medium',
   '2025-10-05',
   '22222222-0000-0000-0000-000000000002', 'ab2ae546-f90d-44c8-85d9-0030fcdc7943',
   'MDP', 'Fuvahmulah Council', 'campaign_material',
   NULL, NULL, NULL),
  ('e54d71af-9624-4ef8-bab4-95c4536efd89', 'MDP Nellaidhoo (Menifesto) — Main Page', 'identified', 'medium',
   '2025-10-05',
   '22222222-0000-0000-0000-000000000001', '524a68ac-6a27-4c70-b7f5-3a73af2b85dd',
   'MDP', 'Main Page', 'campaign_material',
   NULL, NULL, NULL),
  ('73b3b0fe-904f-4616-9020-89d141331e6e', 'Mohamed Shaiman Adam Salaam — Kulhudhuffushi Medhu Dhekunu', 'converted', 'medium',
   '2025-10-05',
   '22222222-0000-0000-0000-000000000001', 'c9ffad70-c344-4c56-b789-b69475a5ef7e',
   'MDP', 'Kulhudhuffushi Medhu Dhekunu', 'campaign_material',
   'purchased', '2025-11-01', 'b3289666-ceed-421e-9a28-e1682999bbea'),
  ('68d35767-a50b-42f3-9902-8e57d6c9a3d1', 'MDP Villingili (Menifesto) — Main Page', 'identified', 'medium',
   '2025-10-05',
   '22222222-0000-0000-0000-000000000001', 'c51c606b-2dd1-405f-8a64-9c72a1f01b1c',
   'MDP', 'Main Page', 'campaign_material',
   NULL, NULL, NULL),
  ('cd908f44-9a1c-4bd4-9af4-e315dc67020e', 'MDP Kendhikulhudhoo (Menifesto) — Main Page', 'identified', 'medium',
   '2025-10-05',
   '22222222-0000-0000-0000-000000000001', '87369a00-58f9-4e87-bdf5-e960cf77ffdd',
   'MDP', 'Main Page', 'campaign_material',
   NULL, NULL, NULL),
  ('7d585d8b-a718-4ae9-948c-e64ef01bdf4a', 'Mohamed Maajid — Faresmaathoda', 'identified', 'medium',
   '2025-10-05',
   '22222222-0000-0000-0000-000000000001', '76a4a415-705c-4256-a486-e9c7f8a238d6',
   'MDP', 'Faresmaathoda', 'campaign_material',
   NULL, NULL, NULL),
  ('d828db69-1bb6-4f58-ba6b-60f8b29b1069', 'Aishath Aqleena — Faresmaathoda', 'identified', 'medium',
   '2025-10-05',
   '22222222-0000-0000-0000-000000000001', '5395517d-4baa-41a3-a4dd-e4498e725569',
   'MDP', 'Faresmaathoda', 'campaign_material',
   NULL, NULL, NULL),
  ('aa7f1e74-2eee-4357-8811-b1ee5fe3d5d5', 'Mohamed Sobaa — Faresmaathoda', 'identified', 'medium',
   '2025-10-05',
   '22222222-0000-0000-0000-000000000001', '13e375fa-d3b6-49f6-8555-ace453c7f459',
   'MDP', 'Faresmaathoda', 'campaign_material',
   NULL, NULL, NULL),
  ('950bc679-8ef3-48a3-9825-9a5a25bb66f4', 'Saajidha Ahmed — Faresmaathoda', 'identified', 'medium',
   '2025-10-05',
   '22222222-0000-0000-0000-000000000001', '98769b91-f3b1-42dd-84f4-fe515080a0e2',
   'MDP', 'Faresmaathoda', 'campaign_material',
   NULL, NULL, NULL),
  ('efba9930-dbef-4c86-af8e-0decf15857bf', 'Mariyam Muzaina — Faresmaathoda', 'identified', 'medium',
   '2025-10-05',
   '22222222-0000-0000-0000-000000000001', '01824286-267a-43a8-b84c-d23ad9e184c9',
   'MDP', 'Faresmaathoda', 'campaign_material',
   NULL, NULL, NULL),
  ('aa32d059-0584-4218-9103-771cf62c7a1f', 'PNC Makunudhoo — Makunudhoo', 'identified', 'medium',
   '2025-10-05',
   '22222222-0000-0000-0000-000000000004', '60b1debc-ae60-42ff-a8cb-333676385bba',
   'PNC', 'Makunudhoo', 'campaign_material',
   NULL, NULL, NULL),
  ('bbcbd3a6-7ab8-492f-b4a0-160f1048ac5a', 'PNC Makunudhoo — Makunudhoo', 'identified', 'medium',
   '2025-10-05',
   '22222222-0000-0000-0000-000000000008', '60b1debc-ae60-42ff-a8cb-333676385bba',
   'PNC', 'Makunudhoo', 'campaign_material',
   NULL, NULL, NULL),
  ('6b0b9825-90fa-4259-9016-102a10d84daf', 'PNC Makunudhoo — Makunudhoo', 'identified', 'medium',
   '2025-10-05',
   '22222222-0000-0000-0000-000000000001', '60b1debc-ae60-42ff-a8cb-333676385bba',
   'PNC', 'Makunudhoo', 'campaign_material',
   NULL, NULL, NULL),
  ('629310c5-9c48-4c82-9eb2-eee454bb81ac', 'PNC Makunudhoo — Makunudhoo', 'identified', 'medium',
   '2025-10-05',
   '22222222-0000-0000-0000-000000000003', '60b1debc-ae60-42ff-a8cb-333676385bba',
   'PNC', 'Makunudhoo', 'campaign_material',
   NULL, NULL, NULL),
  ('52a1032f-c174-4882-9d3d-60d47cfe795b', 'Muzaina — Faresmaathoda', 'identified', 'medium',
   '2025-10-05',
   '22222222-0000-0000-0000-000000000001', '95aa3cce-2d04-4885-9167-f9a33d03ab78',
   'MDP', 'Faresmaathoda', 'campaign_material',
   NULL, NULL, NULL),
  ('ae6df600-700d-43e7-972a-2c3c3d92f50e', 'Fathimath Shifa — Kendhoo', 'identified', 'medium',
   '2025-10-05',
   '22222222-0000-0000-0000-000000000001', '4582197c-5af9-46e0-af47-97a11a63b85e',
   'MDP', 'Kendhoo', 'campaign_material',
   NULL, NULL, NULL),
  ('f2632ee8-0ccc-4213-a37f-edc249e1afe6', 'Aishath Abdurahman — Kendhoo', 'identified', 'medium',
   '2025-10-05',
   '22222222-0000-0000-0000-000000000001', '96e3ca6a-eb17-419e-9329-6c8027d492b1',
   'MDP', 'Kendhoo', 'campaign_material',
   NULL, NULL, NULL),
  ('b8a502fc-d195-4b25-ad14-483f602fc709', 'Aminath Lubna — Kendhoo', 'identified', 'medium',
   '2025-10-05',
   '22222222-0000-0000-0000-000000000001', 'c31708ad-e37b-4fb0-89ff-9390cb17803a',
   'MDP', 'Kendhoo', 'campaign_material',
   NULL, NULL, NULL),
  ('0e8bdc59-86ab-4cdd-9a20-2e06e5f4a4c8', 'Ahmed Maaish — Kendhoo', 'identified', 'medium',
   '2025-10-05',
   '22222222-0000-0000-0000-000000000001', '999a5b2c-af14-4dd7-9e24-feda235bd9be',
   'MDP', 'Kendhoo', 'campaign_material',
   NULL, NULL, NULL),
  ('195f7611-18ab-4759-82ea-5fc4124762eb', 'Aminath Liusha — Kendhoo', 'identified', 'medium',
   '2025-10-05',
   '22222222-0000-0000-0000-000000000001', '23734043-78fd-41d5-8be8-7a17c6ff6a0a',
   'MDP', 'Kendhoo', 'campaign_material',
   NULL, NULL, NULL),
  ('278f2f35-1790-4ce6-a855-35094d8a0a40', 'Ibrahim Abfurahman — Kendhoo', 'identified', 'medium',
   '2025-10-05',
   '22222222-0000-0000-0000-000000000001', '3bff43e2-1027-4a04-8891-f837f1b8b2ca',
   'MDP', 'Kendhoo', 'campaign_material',
   NULL, NULL, NULL),
  ('68cdab49-ac71-4f15-aead-c10bb7380d2c', 'MDP Kendhoo — Main Page', 'identified', 'medium',
   '2025-10-05',
   '22222222-0000-0000-0000-000000000001', '4a4a459d-eb84-461a-a242-a5576a9cd7b2',
   'MDP', 'Main Page', 'campaign_material',
   NULL, NULL, NULL),
  ('8a9ddc85-7c9e-4314-a93a-d6482f5d769f', 'Zaidhu — Kondey', 'identified', 'medium',
   '2025-10-05',
   '22222222-0000-0000-0000-000000000001', '6256ea58-07de-43e1-8c2b-c65bffe6203e',
   'IND', 'Kondey', 'campaign_material',
   NULL, NULL, NULL),
  ('a01bb1d6-4870-4b9b-ae88-aa31db5bf170', 'MDP VVM — Main Page', 'converted', 'medium',
   '2025-10-05',
   '22222222-0000-0000-0000-000000000001', '70dd1edf-c45e-406d-80b5-e013ce6f3e2b',
   'MDP', 'Main Page', 'campaign_material',
   'purchased', '2025-11-01', 'd6232ca9-378a-448d-965e-12192ef9c1f2'),
  ('032dc551-12a4-45ea-ab44-3b9e039b4145', 'Shazee — Makunudhoo', 'identified', 'medium',
   '2025-10-05',
   '22222222-0000-0000-0000-000000000004', 'b92bd4e5-85d3-4b48-b795-c1e0309e152d',
   'MDP', 'Makunudhoo', 'campaign_material',
   NULL, NULL, NULL),
  ('d1f39a3c-03eb-4dbc-b4a0-019f925e2119', 'Abdulla Waheed — Makunudhoo', 'identified', 'medium',
   '2025-10-05',
   '22222222-0000-0000-0000-000000000004', 'd7f1ff06-6f39-4c8a-ba0d-fa5645310e97',
   'MDP', 'Makunudhoo', 'campaign_material',
   NULL, NULL, NULL),
  ('aec74741-182d-4ec6-acf4-2c271ac6b76c', 'Ali Nasheed — Makunudhoo', 'identified', 'medium',
   '2025-10-05',
   '22222222-0000-0000-0000-000000000004', '770f13c8-9841-4b51-bf40-a4f1604e14c9',
   'AP', 'Makunudhoo', 'campaign_material',
   NULL, NULL, NULL),
  ('5131a624-aaca-4d99-bb9e-ee0b6f4ae949', 'MDA — Main Page', 'identified', 'medium',
   '2025-10-05',
   '22222222-0000-0000-0000-000000000001', '56802482-7858-4e3a-a0d4-52d4d1caf5f6',
   'MDA', 'Main Page', 'campaign_material',
   NULL, NULL, NULL),
  ('2f15ca61-c7b0-4328-857c-94030eea7625', 'Ahmed Nishan — Maamigili', 'identified', 'medium',
   '2025-10-05',
   '22222222-0000-0000-0000-000000000001', '237cc0ce-046d-44a9-a064-01f2e070a078',
   'PNC', 'Maamigili', 'campaign_material',
   NULL, NULL, NULL),
  ('e3ed1558-b120-4a7f-887e-711c38f70d1f', 'Candidate 1 — Maamigili', 'identified', 'medium',
   '2025-10-05',
   '22222222-0000-0000-0000-000000000001', '14d666ac-16c9-4b1e-9ee2-e264eb7de584',
   'PNC', 'Maamigili', 'campaign_material',
   NULL, NULL, NULL),
  ('184eb30a-58b8-46a9-b553-8577ac2d5720', 'Candidate 2 — Maamigili', 'identified', 'medium',
   '2025-10-05',
   '22222222-0000-0000-0000-000000000001', '5e0d2257-8262-4f7b-8d16-10f8a349dd74',
   'PNC', 'Maamigili', 'campaign_material',
   NULL, NULL, NULL),
  ('668ad2a5-724b-4793-a8b9-43aef58b73f5', 'Candidate 3 — Maamigili', 'identified', 'medium',
   '2025-10-05',
   '22222222-0000-0000-0000-000000000001', '0d58fe7f-92eb-4736-b306-af60fc4cc8b0',
   'PNC', 'Maamigili', 'campaign_material',
   NULL, NULL, NULL),
  ('56506896-d892-4590-a5d5-4a05094a56b3', 'Candidate 4 — Maamigili', 'identified', 'medium',
   '2025-10-05',
   '22222222-0000-0000-0000-000000000001', 'eb206c98-6876-4851-9051-198b4839ec69',
   'PNC', 'Maamigili', 'campaign_material',
   NULL, NULL, NULL),
  ('7160fe50-da1d-415c-9054-687210e7d178', 'Candidate 5 — Maamigili', 'identified', 'medium',
   '2025-10-05',
   '22222222-0000-0000-0000-000000000001', 'a84e7abe-4e82-481b-b073-fb10d074aff3',
   'PNC', 'Maamigili', 'campaign_material',
   NULL, NULL, NULL)
ON CONFLICT (id) DO NOTHING;

COMMIT;